4,0,0,7.266e-05,5.5821e-05
5,0,0,7.8364e-05,6.1433e-05
6,0,0,0.000106198,8.9536e-05
7,0,0,0.000211438,0.000195867
8,0,0,0.000692307,0.000676797
9,0,0,0.002832722,0.002817795
10,0,0,0.013317887,0.013303072
11,0,0,0.058398188,0.058383957
12,0,0,0.31254064,0.312529226
13,0,1,0.531472297,0.531461068
14,0,9,0.187851985,0.187843497
4,1,0,5.2368e-05,4.3762e-05
5,1,0,5.2496e-05,4.3846e-05
6,1,0,6.6661e-05,5.8184e-05
7,1,0,0.000125739,0.000117275
8,1,0,0.000400591,0.000392112
9,1,0,0.001748783,0.001740193
10,1,0,0.008085555,0.008077032
11,1,0,0.041582458,0.041574007
12,1,0,0.233718507,0.233708941
13,1,1,0.409330036,0.409321491
14,1,9,0.131600996,0.131592559
4,2,0,0.000141781,0.000133248
5,2,0,0.000151977,0.000143542
6,2,0,0.000232294,0.000212839
7,2,0,0.000246322,0.000227499
8,2,0,0.000465508,0.00044765
9,2,0,0.001784704,0.001766898
10,2,0,0.00626376,0.006246972
11,2,0,0.027504509,0.027488832
12,2,0,0.138234324,0.138220169
13,2,0,0.773347469,0.773336227
14,2,4,0.634083794,0.634075231
4,3,0,0.000179981,0.000171327
5,3,0,0.000186626,0.000177232
6,3,0,0.000182728,0.000173213
7,3,0,0.000161393,0.00015293
8,3,0,0.000299723,0.000291146
9,3,0,0.000761569,0.000752938
10,3,0,0.003476308,0.003467756
11,3,0,0.015899048,0.015890424
12,3,0,0.081158886,0.081150377
13,3,0,0.53832111,0.538300465
14,3,3,0.292761976,0.292753288
4,4,0,0.000163827,0.000154472
5,4,0,0.000191771,0.000181929
6,4,0,0.000239117,0.00022967
7,4,0,0.000203526,0.000194925
8,4,0,0.000319183,0.000310603
9,4,0,0.000836022,0.0008274
10,4,0,0.002639775,0.002631087
11,4,0,0.012331735,0.012323092
12,4,0,0.063250062,0.063241521
13,4,0,0.423063577,0.423054965
14,4,2,0.599892701,0.59988407
4,5,0,0.000180532,0.000171984
5,5,0,0.000167784,0.000159118
6,5,0,0.000248136,0.000239691
7,5,0,0.000208431,0.000199812
8,5,0,0.000319593,0.000311123
9,5,0,0.000684182,0.000675612
10,5,0,0.002050538,0.002041946
11,5,0,0.011276198,0.011267757
12,5,0,0.06094031,0.060931628
13,5,0,0.352860534,0.352852018
14,5,2,0.137126826,0.137118179
4,6,0,0.000217695,0.000208818
5,6,0,0.000204955,0.000196331
6,6,0,0.000268638,0.000260001
7,6,0,0.000232904,0.000224319
8,6,0,0.000256936,0.000248496
9,6,0,0.000615693,0.00060723
10,6,0,0.002069802,0.002061255
11,6,0,0.009407663,0.009399053
12,6,0,0.04751458,0.047505991
13,6,0,0.338195579,0.338186954
14,6,2,0.039125871,0.039116449
4,7,0,0.000223588,0.000215088
5,7,0,0.000210236,0.000201616
6,7,0,0.00024305,0.000234523
7,7,0,0.000249768,0.000241315
8,7,0,0.000277549,0.000268251
9,7,0,0.000645008,0.00063631
10,7,0,0.002086733,0.002078324
11,7,0,0.009219796,0.009210337
12,7,0,0.046984139,0.046974765
13,7,0,0.260696853,0.26068731
14,7,1,0.604408713,0.604399402
4,8,0,0.000232404,0.000223779
5,8,0,0.000250279,0.000241674
6,8,0,0.000271423,0.000261983
7,8,0,0.000337127,0.00032853
8,8,0,0.000283917,0.000275472
9,8,0,0.000654237,0.000645566
10,8,0,0.002042639,0.002033397
11,8,0,0.009200526,0.009191975
12,8,0,0.047314015,0.047305517
13,8,0,0.259825924,0.259817322
14,8,1,0.54062049,0.540611873
4,0,0,3.7857e-05,2.9117e-05
5,0,0,4.1576e-05,3.3027e-05
6,0,0,5.4942e-05,4.6439e-05
7,0,0,0.000117397,0.000108749
8,0,0,0.000385659,0.000377085
9,0,0,0.001680934,0.0016723
10,0,0,0.007962524,0.007953973
11,0,0,0.041340905,0.041332257
12,0,0,0.234518516,0.234509951
13,0,1,0.415549269,0.415540749
14,0,9,0.177474815,0.177466279
4,1,0,4.9901e-05,4.12e-05
5,1,0,5.1928e-05,4.3478e-05
6,1,0,7.2509e-05,6.3891e-05
7,1,0,0.000128029,0.000119353
8,1,0,0.000396138,0.000387657
9,1,0,0.001685007,0.001676569
10,1,0,0.007918269,0.007909686
11,1,0,0.078552784,0.07853183
12,1,0,0.33338712,0.33336834
13,1,1,0.485239546,0.485228291
14,1,9,0.132600115,0.132591295
4,2,0,0.000181283,0.000171194
5,2,0,0.000170695,0.000162048
6,2,0,0.000176475,0.000166508
7,2,0,0.000227874,0.00020706
8,2,0,0.000452775,0.000444151
9,2,0,0.001551163,0.001542687
10,2,0,0.006086695,0.006078077
11,2,0,0.031332697,0.031324058
12,2,0,0.141507424,0.141498019
13,2,0,0.770103057,0.770094516
14,2,4,0.662999755,0.662991102
4,3,0,0.000176431,0.000167711
5,3,0,0.000165965,0.000157214
6,3,0,0.00016886,0.000160223
7,3,0,0.000195721,0.000187125
8,3,0,0.000304491,0.00029586
9,3,0,0.000871179,0.000862521
10,3,0,0.003367468,0.003358843
11,3,0,0.015954785,0.015946133
12,3,0,0.081426924,0.081418264
13,3,0,0.540096723,0.540088043
14,3,3,0.298205543,0.298197053
4,4,0,0.000195327,0.00018668
5,4,0,0.000187764,0.00017917
6,4,0,0.000226581,0.000218053
7,4,0,0.000227949,0.000219053
8,4,0,0.000236759,0.000228131
9,4,0,0.000704735,0.000696114
10,4,0,0.002685855,0.002676726
11,4,0,0.01211115,0.01210181
12,4,0,0.062918516,0.062909935
13,4,0,0.424751173,0.424742528
14,4,2,0.598318326,0.598309723
4,5,0,0.000187724,0.000179168
5,5,0,0.000183015,0.000174438
6,5,0,0.000202337,0.000193734
7,5,0,0.000243251,0.000234669
8,5,0,0.000303457,0.000294866
9,5,0,0.000595407,0.000586782
10,5,0,0.001991288,0.001982607
11,5,0,0.011751911,0.011743499
12,5,0,0.062309107,0.062300602
13,5,0,0.346989483,0.346980806
14,5,2,0.119087063,0.11907847
4,6,0,0.000251966,0.000243302
5,6,0,0.000244508,0.000235824
6,6,0,0.000232203,0.000223671
7,6,0,0.000222607,0.00021391
8,6,0,0.000373571,0.000364898
9,6,0,0.000662448,0.000653857
10,6,0,0.00211207,0.002103422
11,6,0,0.009278259,0.009268574
12,6,0,0.05364723,0.053638501
13,6,0,0.334652367,0.334643829
14,6,2,0.045077594,0.045068988
4,7,0,0.000215185,0.00020654
5,7,0,0.000270287,0.000261824
6,7,0,0.000233666,0.000225167
7,7,0,0.000293209,0.000284522
8,7,0,0.000357442,0.000348913
9,7,0,0.000699484,0.000689069
10,7,0,0.002216032,0.002206671
11,7,0,0.009428854,0.009420035
12,7,0,0.046744602,0.046735957
13,7,0,0.260279766,0.260271154
14,7,1,0.595324684,0.595316096
4,8,0,0.000241278,0.000232735
5,8,0,0.000232041,0.000223488
6,8,0,0.000322057,0.000313301
7,8,0,0.000283205,0.000274603
8,8,0,0.000325717,0.00031715
9,8,0,0.000710403,0.000701842
10,8,0,0.00202965,0.002021032
11,8,0,0.009717014,0.009708416
12,8,0,0.047009422,0.047000742
13,8,0,0.259057652,0.259049087
14,8,1,0.539891214,0.539882538
4,0,0,4.0952e-05,3.1535e-05
5,0,0,4.082e-05,3.223e-05
6,0,0,5.5882e-05,4.7187e-05
7,0,0,0.000114452,0.00010581
8,0,0,0.000385568,0.000377007
9,0,0,0.001721616,0.001713036
10,0,0,0.007999324,0.007990891
11,0,0,0.041747226,0.041738696
12,0,0,0.234968739,0.234960168
13,0,1,0.418229101,0.418220573
14,0,9,0.198360851,0.198352291
4,1,0,5.3796e-05,4.5131e-05
5,1,0,0.000113814,9.5044e-05
6,1,0,0.000162686,0.000142294
7,1,0,0.00028357,0.000264562
8,1,0,0.000910346,0.000891319
9,1,0,0.003628837,0.003611008
10,1,0,0.015553546,0.015536827
11,1,0,0.063697127,0.063681518
12,1,0,0.310864938,0.310853489
13,1,1,0.462477714,0.462466326
14,1,9,0.122861533,0.122852927
4,2,0,0.000160202,0.000151403
5,2,0,0.000159845,0.000151339
6,2,0,0.000156124,0.000147674
7,2,0,0.000161993,0.000153402
8,2,0,0.000424615,0.000416164
9,2,0,0.001424411,0.001415852
10,2,0,0.005919639,0.005910998
11,2,0,0.028598408,0.028589894
12,2,0,0.14049765,0.14048901
13,2,0,0.776561742,0.776553246
14,2,4,0.634238795,0.634230327
4,3,0,0.000137978,0.000129532
5,3,0,0.0001583,0.000149162
6,3,0,0.000183134,0.000174614
7,3,0,0.000167572,0.000159162
8,3,0,0.000258916,0.000250415
9,3,0,0.000732113,0.000723641
10,3,0,0.003358406,0.003349785
11,3,0,0.015646686,0.015638208
12,3,0,0.080913422,0.080904876
13,3,0,0.538094126,0.538084564
14,3,3,0.280413657,0.280404973
4,4,0,0.000192956,0.000184429
5,4,0,0.000208947,0.000199495
6,4,0,0.000198671,0.000189209
7,4,0,0.000176028,0.000167411
8,4,0,0.00022657,0.00021796
9,4,0,0.000717143,0.000708507
10,4,0,0.00264871,0.00264021
11,4,0,0.01221829,0.012209825
12,4,0,0.063305125,0.063296427
13,4,0,0.422655716,0.42264717
14,4,2,0.59557019,0.595561735
4,5,0,0.000190715,0.000181365
5,5,0,0.000186263,0.000177754
6,5,0,0.000238199,0.000229657
7,5,0,0.000194788,0.000186276
8,5,0,0.000310313,0.000300517
9,5,0,0.000722505,0.000713985
10,5,0,0.002816736,0.002808042
11,5,0,0.013203263,0.013194554
12,5,0,0.065273273,0.065264717
13,5,0,0.347402548,0.347393998
14,5,2,0.155622604,0.155613892
4,6,0,0.000223597,0.000214809
5,6,0,0.000233201,0.000224645
6,6,0,0.000217466,0.000208983
7,6,0,0.00022961,0.000209317
8,6,0,0.000325855,0.000305729
9,6,0,0.000629142,0.000619718
10,6,0,0.002186998,0.002178476
11,6,0,0.009377044,0.009368454
12,6,0,0.048017296,0.048008771
13,6,0,0.341033948,0.341025274
14,6,2,0.08400543,0.083996347
4,7,0,0.000206695,0.000198069
5,7,0,0.000257776,0.000249083
6,7,0,0.000252653,0.000243974
7,7,0,0.000290552,0.000277825
8,7,0,0.000397538,0.000384706
9,7,0,0.000797219,0.000783644
10,7,0,0.002250366,0.002237566
11,7,0,0.009504656,0.009492076
12,7,0,0.048137686,0.048125982
13,7,0,0.263949622,0.263940984
14,7,1,0.607027039,0.607015383
4,8,0,0.000254155,0.000245575
5,8,0,0.000269023,0.000260448
6,8,0,0.000241037,0.000231384
7,8,0,0.001021425,0.001012895
8,8,0,0.000418751,0.00041008
9,8,0,0.000667863,0.00065925
10,8,0,0.001986413,0.00197662
11,8,0,0.009069034,0.009060498
12,8,0,0.046879147,0.046869783
13,8,0,0.269288728,0.269280125
14,8,1,0.545021922,0.545013216
4,0,0,3.7493e-05,2.8844e-05
5,0,0,4.1207e-05,3.2555e-05
6,0,0,5.5289e-05,4.681e-05
7,0,0,0.000112693,0.000104295
8,0,0,0.000385241,0.000376724
9,0,0,0.001678841,0.001670413
10,0,0,0.008006374,0.007997796
11,0,0,0.041397649,0.041388963
12,0,0,0.23426048,0.234251961
13,0,1,0.41597631,0.415967759
14,0,9,0.18457732,0.18456886
4,1,0,5.0989e-05,4.2448e-05
5,1,0,5.3219e-05,4.4685e-05
6,1,0,6.7024e-05,5.8366e-05
7,1,0,0.000315846,0.000295311
8,1,0,0.000986029,0.000965614
9,1,0,0.00386032,0.003841303
10,1,0,0.016368846,0.01634377
11,1,0,0.06597798,0.065962419
12,1,0,0.311306695,0.311295195
13,1,1,0.464492322,0.464480817
14,1,9,0.144713285,0.144704141
4,2,0,0.000171467,0.000162768
5,2,0,0.000169693,0.000161147
6,2,0,0.000149093,0.000140545
7,2,0,0.000212295,0.000203735
8,2,0,0.000403093,0.000394563
9,2,0,0.001545048,0.001536398
10,2,0,0.00606462,0.006056014
11,2,0,0.030672022,0.030663515
12,2,0,0.141910707,0.141902104
13,2,0,0.787001831,0.786993233
14,2,4,0.645181657,0.64517307
4,3,0,0.000174451,0.000165277
5,3,0,0.000182339,0.000173806
6,3,0,0.000155978,0.000147403
7,3,0,0.000158441,0.000149808
8,3,0,0.000272276,0.000263907
9,3,0,0.000819336,0.00081077
10,3,0,0.003386224,0.003376476
11,3,0,0.015557949,0.015549353
12,3,0,0.107652694,0.10763612
13,3,0,0.54442169,0.5444128
14,3,3,0.286861031,0.286852423
4,4,0,0.00020122,0.000192757
5,4,0,0.000219133,0.000210549
6,4,0,0.000231534,0.000219351
7,4,0,0.000286835,0.00027345
8,4,0,0.000336074,0.00032268
9,4,0,0.000776508,0.000762922
10,4,0,0.002731513,0.002717936
11,4,0,0.012501642,0.012488945
12,4,0,0.064258273,0.064246299
13,4,0,0.423093692,0.423084972
14,4,2,0.59465927,0.594650593
4,5,0,0.000195431,0.000186927
5,5,0,0.000184078,0.000175541
6,5,0,0.000220883,0.000212161
7,5,0,0.000230968,0.000221578
8,5,0,0.000282131,0.000273627
9,5,0,0.000726777,0.000718282
10,5,0,0.002132098,0.002123511
11,5,0,0.012055563,0.012046803
12,5,0,0.060891293,0.06088208
13,5,0,0.35128975,0.35128102
14,5,2,0.159804795,0.159796115
4,6,0,0.000219405,0.000210785
5,6,0,0.000562913,0.000554388
6,6,0,0.00025083,0.000242214
7,6,0,0.000204945,0.000196306
8,6,0,0.00034515,0.000336683
9,6,0,0.000625318,0.000616756
10,6,0,0.002161695,0.002153174
11,6,0,0.009314352,0.009305803
12,6,0,0.047600187,0.047591665
13,6,0,0.3332686,0.333260135
14,6,2,0.045338631,0.045330052
4,7,0,0.000178485,0.000169955
5,7,0,0.000227744,0.000219097
6,7,0,0.000237153,0.000228439
7,7,0,0.000225076,0.000216417
8,7,0,0.000346691,0.000338084
9,7,0,0.000631751,0.000623134
10,7,0,0.002090049,0.002081499
11,7,0,0.009205708,0.009197113
12,7,0,0.047013628,0.047004559
13,7,0,0.26251737,0.26250764
14,7,1,0.585914548,0.585905888
4,8,0,0.00023764,0.000229098
5,8,0,0.000304177,0.000283794
6,8,0,0.00028854,0.000279168
7,8,0,0.000307917,0.00029842
8,8,0,0.000392037,0.000382631
9,8,0,0.000748231,0.000738756
10,8,0,0.00210257,0.002093124
11,8,0,0.009102214,0.009093666
12,8,0,0.049433108,0.049424549
13,8,0,0.261665627,0.261657142
14,8,1,0.554451459,0.554442832
4,0,0,3.851e-05,2.9667e-05
5,0,0,4.6805e-05,3.3291e-05
6,0,0,5.4905e-05,4.631e-05
7,0,0,0.000113883,0.000105276
8,0,0,0.00038918,0.000380597
9,0,0,0.001676418,0.001667865
10,0,0,0.008047273,0.008038669
11,0,0,0.041433462,0.04142491
12,0,0,0.234913308,0.234904723
13,0,1,0.41605648,0.41604798
14,0,9,0.187038952,0.187030335
4,1,0,5.0418e-05,4.1536e-05
5,1,0,5.2756e-05,4.4194e-05
6,1,0,6.6958e-05,5.8411e-05
7,1,0,0.000125958,0.000117406
8,1,0,0.000401726,0.000393202
9,1,0,0.001687737,0.001679255
10,1,0,0.008031249,0.008022868
11,1,0,0.041270387,0.041261793
12,1,0,0.233408691,0.233400051
13,1,1,0.408230174,0.408221637
14,1,9,0.121135922,0.121127376
4,2,0,0.000161365,0.00015287
5,2,0,0.000166238,0.000157692
6,2,0,0.000147794,0.000139201
7,2,0,0.000218479,0.000208909
8,2,0,0.000446479,0.000437981
9,2,0,0.001479512,0.001471111
10,2,0,0.005910174,0.005901645
11,2,0,0.030180921,0.030172303
12,2,0,0.141003718,0.140995217
13,2,0,0.779329449,0.779320817
14,2,4,0.654384147,0.654375525
4,3,0,0.000166634,0.000156581
5,3,0,0.000149213,0.000140714
6,3,0,0.000136067,0.000127586
7,3,0,0.000156404,0.000147803
8,3,0,0.000304542,0.000295171
9,3,0,0.000774737,0.000766178
10,3,0,0.003243259,0.003234796
11,3,0,0.015779753,0.01577121
12,3,0,0.08080808,0.080799591
13,3,0,0.53713991,0.537131297
14,3,3,0.295841263,0.295832565
4,4,0,0.000166179,0.000157468
5,4,0,0.000228645,0.000220026
6,4,0,0.000169661,0.000160933
7,4,0,0.000227787,0.000219205
8,4,0,0.000268438,0.000259827
9,4,0,0.001423478,0.00141489
10,4,0,0.002615739,0.002607178
11,4,0,0.012477526,0.012468935
12,4,0,0.073587933,0.07357933
13,4,0,0.431786163,0.431777497
14,4,2,0.603686755,0.603677016
4,5,0,0.000191174,0.000182591
5,5,0,0.000218191,0.000209572
6,5,0,0.000214816,0.000206387
7,5,0,0.000186297,0.000177603
8,5,0,0.000317348,0.000308876
9,5,0,0.000658572,0.000649969
10,5,0,0.002338675,0.002330011
11,5,0,0.012032138,0.012023449
12,5,0,0.062195454,0.062186861
13,5,0,0.346908637,0.346900008
14,5,2,0.12006845,0.120059955
4,6,0,0.000230385,0.000221766
5,6,0,0.000211384,0.000202887
6,6,0,0.000285998,0.000276361
7,6,0,0.000602429,0.000593839
8,6,0,0.000303172,0.00029374
9,6,0,0.000674694,0.000666028
10,6,0,0.002087591,0.002078061
11,6,0,0.009280235,0.009271577
12,6,0,0.04769556,0.04768697
13,6,0,0.332328412,0.332307425
14,6,2,0.047680232,0.047671576
4,7,0,0.000204223,0.000195633
5,7,0,0.000245696,0.000237189
6,7,0,0.000250165,0.000241553
7,7,0,0.000283568,0.000274877
8,7,0,0.000295297,0.000286711
9,7,0,0.000646628,0.00063802
10,7,0,0.002058259,0.002049547
11,7,0,0.00907516,0.009066583
12,7,0,0.048028212,0.048019717
13,7,0,0.260960021,0.260951376
14,7,1,0.604715422,0.604706914
4,8,0,0.000198324,0.000189651
5,8,0,0.000251852,0.000243177
6,8,0,0.000813034,0.000804478
7,8,0,0.000323992,0.000314658
8,8,0,0.000344457,0.000334933
9,8,0,0.000649457,0.000639762
10,8,0,0.002029883,0.002020462
11,8,0,0.009184071,0.009174736
12,8,0,0.050913274,0.050904854
13,8,0,0.260188765,0.260178492
14,8,1,0.547651354,0.547642889
4,0,0,4.3432e-05,3.3945e-05
5,0,0,4.2913e-05,3.4418e-05
6,0,0,5.7599e-05,4.899e-05
7,0,0,0.000116469,0.000107926
8,0,0,0.000405768,0.00039642
9,0,0,0.001682766,0.001674363
10,0,0,0.008098632,0.008085207
11,0,0,0.041489074,0.041480521
12,0,0,0.234708815,0.234700272
13,0,1,0.416663822,0.416655298
14,0,9,0.180652857,0.180644336
4,1,0,5.1353e-05,4.2583e-05
5,1,0,5.2309e-05,4.3783e-05
6,1,0,6.7143e-05,5.8539e-05
7,1,0,0.000138058,0.000128677
8,1,0,0.000394644,0.000386124
9,1,0,0.001695629,0.001687053
10,1,0,0.008052703,0.008044025
11,1,0,0.041346588,0.041337957
12,1,0,0.233273873,0.23326522
13,1,1,0.408047833,0.408039325
14,1,9,0.295882162,0.295872693
4,2,0,0.00014998,0.000141292
5,2,0,0.000176399,0.000167851
6,2,0,0.000175064,0.000166331
7,2,0,0.000221287,0.000212784
8,2,0,0.000418303,0.000409669
9,2,0,0.001450528,0.001441862
10,2,0,0.00592685,0.005918241
11,2,0,0.028480181,0.028471531
12,2,0,0.140890516,0.140881864
13,2,0,0.775796708,0.775788077
14,2,4,0.63319192,0.633183421
4,3,0,0.000142311,0.000133134
5,3,0,0.00014182,0.000133284
6,3,0,0.000165005,0.000156368
7,3,0,0.000157587,0.000148995
8,3,0,0.000307856,0.000299313
9,3,0,0.000748987,0.000740369
10,3,0,0.003357624,0.003349066
11,3,0,0.015808844,0.015800247
12,3,0,0.080863324,0.08085458
13,3,0,0.53860973,0.538601133
14,3,3,0.294143071,0.29413446
4,4,0,0.000205616,0.000197081
5,4,0,0.000174398,0.000165829
6,4,0,0.000193994,0.000185479
7,4,0,0.000230743,0.000222214
8,4,0,0.000234671,0.000226045
9,4,0,0.000753599,0.000742521
10,4,0,0.002619209,0.002610532
11,4,0,0.012179224,0.012170652
12,4,0,0.063030316,0.063021904
13,4,0,0.42324801,0.423238974
14,4,2,0.598917269,0.598908708
4,5,0,0.000171188,0.000162703
5,5,0,0.000214343,0.000205783
6,5,0,0.000205336,0.000196698
7,5,0,0.000186089,0.000175611
8,5,0,0.000261934,0.000253448
9,5,0,0.000670204,0.000660045
10,5,0,0.002781467,0.002772824
11,5,0,0.012849371,0.012840633
12,5,0,0.062697038,0.062688426
13,5,0,0.352998537,0.352989876
14,5,2,0.118721681,0.11871319
4,6,0,0.000176237,0.0001677
5,6,0,0.000254503,0.000245962
6,6,0,0.000215419,0.000206871
7,6,0,0.000202219,0.000193642
8,6,0,0.000268166,0.000259672
9,6,0,0.00071547,0.000706952
10,6,0,0.002139334,0.002130956
11,6,0,0.00937953,0.009370678
12,6,0,0.05243125,0.052422642
13,6,0,0.334286896,0.334278242
14,6,2,0.045448901,0.045440276
4,7,0,0.000200498,0.000191866
5,7,0,0.000241629,0.000233132
6,7,0,0.000255862,0.000247388
7,7,0,0.000234603,0.000226158
8,7,0,0.000278266,0.000269814
9,7,0,0.000621135,0.000611885
10,7,0,0.002145553,0.002137101
11,7,0,0.009442163,0.009432212
12,7,0,0.04731401,0.047305509
13,7,0,0.260302872,0.260294437
14,7,1,0.570254241,0.570245574
4,8,0,0.000243903,0.000235307
5,8,0,0.000228112,0.000219586
6,8,0,0.00026158,0.000252162
7,8,0,0.000275432,0.000266114
8,8,0,0.000359388,0.000348167
9,8,0,0.000687077,0.000675939
10,8,0,0.002045183,0.002034034
11,8,0,0.009140896,0.009129658
12,8,0,0.047057535,0.047046466
13,8,0,0.253661134,0.253649053
14,8,1,0.549002177,0.548991777
4,0,0,3.8008e-05,2.9348e-05
5,0,0,4.9198e-05,4.0518e-05
6,0,0,6.0112e-05,5.1593e-05
7,0,0,0.000113963,0.000105479
8,0,0,0.000386498,0.000377797
9,0,0,0.001717571,0.00170911
10,0,0,0.008042325,0.008033616
11,0,0,0.041622388,0.041613752
12,0,0,0.234912333,0.234903721
13,0,1,0.418261158,0.418252609
14,0,9,0.184848093,0.184839314
4,1,0,5.8738e-05,4.9947e-05
5,1,0,5.1719e-05,4.3236e-05
6,1,0,6.661e-05,5.8019e-05
7,1,0,0.000128982,0.000120391
8,1,0,0.000397191,0.000388606
9,1,0,0.001687664,0.001679076
10,1,0,0.008152569,0.008143909
11,1,0,0.041299016,0.041290522
12,1,0,0.233301425,0.233292864
13,1,1,0.407797508,0.407788127
14,1,9,0.125509698,0.125501143
4,2,0,0.000140059,0.00013114
5,2,0,0.000168348,0.000159699
6,2,0,0.000255004,0.000235156
7,2,0,0.000274647,0.000255244
8,2,0,0.000462318,0.000444628
9,2,0,0.00158387,0.00156624
10,2,0,0.00626092,0.006244417
11,2,0,0.027054617,0.027038939
12,2,0,0.139949215,0.13993579
13,2,0,0.770015218,0.770004051
14,2,4,0.685820137,0.685811435
4,3,0,0.000137962,0.000129358
5,3,0,0.000222104,0.000211708
6,3,0,0.00013781,0.000129121
7,3,0,0.000205761,0.000197337
8,3,0,0.000261544,0.000252982
9,3,0,0.000791272,0.000782602
10,3,0,0.003304863,0.003296262
11,3,0,0.015996147,0.015987465
12,3,0,0.081913269,0.08190469
13,3,0,0.532430508,0.532420647
14,3,3,0.307085777,0.307074627
4,4,0,0.000187499,0.00017898
5,4,0,0.000157148,0.000148606
6,4,0,0.000233339,0.000224008
7,4,0,0.000299572,0.00028606
8,4,0,0.000329444,0.000309003
9,4,0,0.000784093,0.000775433
10,4,0,0.002760198,0.00275164
11,4,0,0.01263601,0.012625756
12,4,0,0.065581295,0.065572672
13,4,0,0.425444772,0.42543622
14,4,2,0.604579558,0.604571033
4,5,0,0.000214151,0.000205662
5,5,0,0.000219808,0.000211125
6,5,0,0.000199032,0.000190434
7,5,0,0.000229318,0.000219883
8,5,0,0.000267645,0.000259074
9,5,0,0.000698203,0.000689733
10,5,0,0.002220884,0.002212314
11,5,0,0.011332128,0.011323483
12,5,0,0.062073487,0.062064856
13,5,0,0.350717492,0.350708823
14,5,2,0.138996964,0.138988273
4,6,0,0.000238255,0.00022956
5,6,0,0.000211941,0.000203425
6,6,0,0.000213005,0.000204339
7,6,0,0.000202754,0.000194189
8,6,0,0.000259493,0.000250937
9,6,0,0.000636735,0.000628184
10,6,0,0.002106142,0.002097475
11,6,0,0.009369465,0.009360868
12,6,0,0.051659069,0.051650563
13,6,0,0.331772309,0.331763678
14,6,2,0.056604373,0.056594952
4,7,0,0.000255935,0.000244608
5,7,0,0.000231099,0.000219886
6,7,0,0.000228956,0.000217597
7,7,0,0.00027784,0.000266397
8,7,0,0.000330371,0.000313771
9,7,0,0.00067425,0.000662958
10,7,0,0.002116946,0.002108301
11,7,0,0.009216195,0.009207557
12,7,0,0.048322251,0.048313677
13,7,0,0.260853958,0.260845287
14,7,1,0.602270856,0.602261411
4,8,0,0.000272908,0.000264222
5,8,0,0.000268539,0.000259972
6,8,0,0.000253214,0.000244581
7,8,0,0.0002742,0.000265515
8,8,0,0.000321517,0.000312864
9,8,0,0.000628471,0.000619928
10,8,0,0.001994499,0.001985936
11,8,0,0.008946508,0.008937832
12,8,0,0.046715146,0.046706518
13,8,0,0.260755034,0.260746396
14,8,1,0.54857599,0.548567342
4,0,0,3.7914e-05,2.9263e-05
5,0,0,4.1082e-05,3.2423e-05
6,0,0,5.546e-05,4.6918e-05
7,0,0,0.000114577,0.000106041
8,0,0,0.000399572,0.000391054
9,0,0,0.001672676,0.001664061
10,0,0,0.008001189,0.007992572
11,0,0,0.041989055,0.041979884
12,0,0,0.234950554,0.234941973
13,0,1,0.419014334,0.419004923
14,0,9,0.199369471,0.199360901
4,1,0,4.9385e-05,4.0884e-05
5,1,0,5.3183e-05,4.4618e-05
6,1,0,7.581e-05,6.7276e-05
7,1,0,0.000131806,0.000123304
8,1,0,0.000403008,0.000394516
9,1,0,0.00168821,0.001679663
10,1,0,0.008078082,0.008069583
11,1,0,0.041473496,0.041464989
12,1,0,0.233437126,0.233428642
13,1,1,0.409707479,0.409698064
14,1,9,0.142614399,0.142605949
4,2,0,0.000142092,0.000133558
5,2,0,0.000164743,0.000156323
6,2,0,0.000156079,0.000147606
7,2,0,0.000220195,0.000211729
8,2,0,0.000415116,0.000406664
9,2,0,0.001465012,0.001456393
10,2,0,0.005998524,0.005989971
11,2,0,0.02980563,0.02979714
12,2,0,0.141584667,0.141576122
13,2,0,0.755109843,0.755101313
14,2,4,0.658677384,0.658667976
4,3,0,0.000149881,0.000141259
5,3,0,0.00016384,0.000155144
6,3,0,0.000152817,0.000144275
7,3,0,0.000217831,0.000209046
8,3,0,0.000317649,0.00030909
9,3,0,0.000964509,0.000954929
10,3,0,0.003626307,0.003617587
11,3,0,0.018746147,0.018736529
12,3,0,0.090255245,0.090246766
13,3,0,0.538875589,0.538866992
14,3,3,0.318496366,0.318480529
4,4,0,0.000156537,0.000147765
5,4,0,0.000207239,0.000198579
6,4,0,0.00026582,0.000256327
7,4,0,0.00018754,0.000178975
8,4,0,0.000261134,0.000252309
9,4,0,0.000774445,0.000764686
10,4,0,0.002801355,0.002792748
11,4,0,0.012472258,0.012463602
12,4,0,0.062643135,0.062634503
13,4,0,0.423590297,0.423580969
14,4,2,0.599898388,0.599889914
4,5,0,0.000164566,0.000155975
5,5,0,0.000178573,0.000169891
6,5,0,0.000245598,0.000237093
7,5,0,0.00022367,0.000214361
8,5,0,0.000245625,0.00023699
9,5,0,0.000658472,0.000649813
10,5,0,0.002130697,0.002122096
11,5,0,0.012003044,0.011994522
12,5,0,0.061978097,0.061969472
13,5,0,0.35612203,0.356113349
14,5,2,0.123745812,0.123737209
4,6,0,0.000175505,0.000166902
5,6,0,0.000255349,0.000246752
6,6,0,0.000202423,0.000193905
7,6,0,0.000185659,0.000176988
8,6,0,0.000243553,0.000234944
9,6,0,0.000634017,0.00062521
10,6,0,0.002156165,0.002147469
11,6,0,0.009411759,0.009403144
12,6,0,0.048001122,0.047992425
13,6,0,0.33424623,0.334237551
14,6,2,0.04503988,0.045031324
4,7,0,0.000219015,0.000210232
5,7,0,0.00021966,0.00021105
6,7,0,0.000260816,0.000252129
7,7,0,0.000264343,0.000255679
8,7,0,0.000418298,0.000409634
9,7,0,0.000684796,0.000676201
10,7,0,0.002162187,0.002153596
11,7,0,0.009165167,0.009156618
12,7,0,0.048395795,0.048387188
13,7,0,0.262576136,0.262567516
14,7,1,0.573638026,0.57362256
4,8,0,0.000279201,0.000270589
5,8,0,0.000291294,0.000282646
6,8,0,0.000992601,0.000983161
7,8,0,0.000294268,0.000285715
8,8,0,0.00033735,0.000328674
9,8,0,0.000623665,0.000614198
10,8,0,0.002070405,0.002060982
11,8,0,0.00913247,0.009122828
12,8,0,0.046757257,0.046737141
13,8,0,0.256264225,0.256255556
14,8,1,0.545123276,0.545114667
4,0,0,3.767e-05,2.8973e-05
5,0,0,4.0904e-05,3.2339e-05
6,0,0,6.2999e-05,5.322e-05
7,0,0,0.000120364,0.000111807
8,0,0,0.000391727,0.000382118
9,0,0,0.00167334,0.001664656
10,0,0,0.0081657,0.008157087
11,0,0,0.04154188,0.041533373
12,0,0,0.234662739,0.23465426
13,0,1,0.417138601,0.417128854
14,0,9,0.186293863,0.186285294
4,1,0,5.1186e-05,4.2469e-05
5,1,0,5.2921e-05,4.4359e-05
6,1,0,6.7249e-05,5.8742e-05
7,1,0,0.000127168,0.000118688
8,1,0,0.000457507,0.00044893
9,1,0,0.001684205,0.001675792
10,1,0,0.008112153,0.008103698
11,1,0,0.041580995,0.041572373
12,1,0,0.233397817,0.233388319
13,1,1,0.58164876,0.581622626
14,1,9,0.128727833,0.128719346
4,2,0,0.000160542,0.000152002
5,2,0,0.000152018,0.000143466
6,2,0,0.000172733,0.000164252
7,2,0,0.000132223,0.00012366
8,2,0,0.000278127,0.000269584
9,2,0,0.000991997,0.000983434
10,2,0,0.004154149,0.004145595
11,2,0,0.022918907,0.022910351
12,2,0,0.149282143,0.149273527
13,2,0,0.785604779,0.785596167
14,2,4,0.641011069,0.641002385
4,3,0,0.000186179,0.000177444
5,3,0,0.000186164,0.000176938
6,3,0,0.000149599,0.000140925
7,3,0,0.000212948,0.000204383
8,3,0,0.000328104,0.000314955
9,3,0,0.000769403,0.000760744
10,3,0,0.003412431,0.003403924
11,3,0,0.01565571,0.015647237
12,3,0,0.080946022,0.080937522
13,3,0,0.539657747,0.539649184
14,3,3,0.425712153,0.425703546
4,4,0,0.00020409,0.000195592
5,4,0,0.000199927,0.000191412
6,4,0,0.000207144,0.000198561
7,4,0,0.00026845,0.000259866
8,4,0,0.000346001,0.000336536
9,4,0,0.001027663,0.001018926
10,4,0,0.00399719,0.003988497
11,4,0,0.017473635,0.017465085
12,4,0,0.081153456,0.081144938
13,4,0,0.451361431,0.451352756
14,4,2,0.636553864,0.636545054
4,5,0,0.000172649,0.00016398
5,5,0,0.000202412,0.000193821
6,5,0,0.000211564,0.000203095
7,5,0,0.000175766,0.000167227
8,5,0,0.000329547,0.000320871
9,5,0,0.000640049,0.00063146
10,5,0,0.002048086,0.002039381
11,5,0,0.011956732,0.011948114
12,5,0,0.061171616,0.0611622
13,5,0,0.346424808,0.346416349
14,5,2,0.143912682,0.143903964
4,6,0,0.00022769,0.000219107
5,6,0,0.000290756,0.000282158
6,6,0,0.000203833,0.000195267
7,6,0,0.000295855,0.000287149
8,6,0,0.000335639,0.000327116
9,6,0,0.000666147,0.000657465
10,6,0,0.002184016,0.002175345
11,6,0,0.009297004,0.009288405
12,6,0,0.051425216,0.051416594
13,6,0,0.341591745,0.34158317
14,6,2,0.041478163,0.041468805
4,7,0,0.000207246,0.000198073
5,7,0,0.000293997,0.000284445
6,7,0,0.000271237,0.00026263
7,7,0,0.000262366,0.000253852
8,7,0,0.000301215,0.000292647
9,7,0,0.000642238,0.000633634
10,7,0,0.002116619,0.002107907
11,7,0,0.009405733,0.009397133
12,7,0,0.046679738,0.046670372
13,7,0,0.264514462,0.264505765
14,7,1,0.569181729,0.569173006
4,8,0,0.000240439,0.000231829
5,8,0,0.000283037,0.000274398
6,8,0,0.000279012,0.000270488
7,8,0,0.000263025,0.000254503
8,8,0,0.000319253,0.000310762
9,8,0,0.000609117,0.000600504
10,8,0,0.00207351,0.002045248
11,8,0,0.009075171,0.00906657
12,8,0,0.046881353,0.046872838
13,8,0,0.260727849,0.2607183
14,8,1,0.54454969,0.544541086
4,0,0,6.4344e-05,5.5726e-05
5,0,0,4.2397e-05,3.3831e-05
6,0,0,5.5845e-05,4.7347e-05
7,0,0,0.000114642,0.000106103
8,0,0,0.000387493,0.00037898
9,0,0,0.00167783,0.001668806
10,0,0,0.008016941,0.00800829
11,0,0,0.041539524,0.041530949
12,0,0,0.234518083,0.234509402
13,0,1,0.415929739,0.415921176
14,0,9,0.182183753,0.182175197
4,1,0,5.4202e-05,4.5294e-05
5,1,0,5.191e-05,4.334e-05
6,1,0,6.684e-05,5.8289e-05
7,1,0,0.000125772,0.000117284
8,1,0,0.000398305,0.000389763
9,1,0,0.001685828,0.001677261
10,1,0,0.00798216,0.007973725
11,1,0,0.041281883,0.041273256
12,1,0,0.233268225,0.233259654
13,1,1,0.40781169,0.407803152
14,1,9,0.124754366,0.124745832
4,2,0,0.00015519,0.000146671
5,2,0,0.00016149,0.000152951
6,2,0,0.000160316,0.0001517
7,2,0,0.000191037,0.000182372
8,2,0,0.000404816,0.000396233
9,2,0,0.001457436,0.00143753
10,2,0,0.006032976,0.006013453
11,2,0,0.029629024,0.02961133
12,2,0,0.139750774,0.139736598
13,2,0,0.774786034,0.774774684
14,2,4,0.645274381,0.645265767
4,3,0,0.000172007,0.00016331
5,3,0,0.000163496,0.000154932
6,3,0,0.000180683,0.00017225
7,3,0,0.000190539,0.000181982
8,3,0,0.000261948,0.000253346
9,3,0,0.000804988,0.000796428
10,3,0,0.003262152,0.003253443
11,3,0,0.018024878,0.018015755
12,3,0,0.081472584,0.081463988
13,3,0,0.538270088,0.538261594
14,3,3,0.286587943,0.286578512
4,4,0,0.000200992,0.000187683
5,4,0,0.000232572,0.000219054
6,4,0,0.000205462,0.000192093
7,4,0,0.000224058,0.000211468
8,4,0,0.000391404,0.000378538
9,4,0,0.000970474,0.000957717
10,4,0,0.002778199,0.002765566
11,4,0,0.015104611,0.015091794
12,4,0,0.074458565,0.074446369
13,4,0,0.423784475,0.42377586
14,4,2,0.595515163,0.595494541
4,5,0,0.000141305,0.000132601
5,5,0,0.000203594,0.0001952
6,5,0,0.000215966,0.000207345
7,5,0,0.000228063,0.00021961
8,5,0,0.000261464,0.000252939
9,5,0,0.00062506,0.000616452
10,5,0,0.001971892,0.001963371
11,5,0,0.011105181,0.011096662
12,5,0,0.062280268,0.062270303
13,5,0,0.351448023,0.351438622
14,5,2,0.135899455,0.135889784
4,6,0,0.000211756,0.000203202
5,6,0,0.000256513,0.000247951
6,6,0,0.000312628,0.000302609
7,6,0,0.000220177,0.000211605
8,6,0,0.000339037,0.000328951
9,6,0,0.000613426,0.000604067
10,6,0,0.002116232,0.002090655
11,6,0,0.009396232,0.009387727
12,6,0,0.051398239,0.051389677
13,6,0,0.33399062,0.333982017
14,6,2,0.046093326,0.04608472
4,7,0,0.000256867,0.000248252
5,7,0,0.000244998,0.000236394
6,7,0,0.000218776,0.000210088
7,7,0,0.000260344,0.000251681
8,7,0,0.000292769,0.000284173
9,7,0,0.000700533,0.000692001
10,7,0,0.002162725,0.002154167
11,7,0,0.00930964,0.009301042
12,7,0,0.048051832,0.048043095
13,7,0,0.261204482,0.26119599
14,7,1,0.568661798,0.568653172
4,8,0,0.000252156,0.000242499
5,8,0,0.000260285,0.000251641
6,8,0,0.000216077,0.000206693
7,8,0,0.00035966,0.000350103
8,8,0,0.000321039,0.000311559
9,8,0,0.000702391,0.000693741
10,8,0,0.002119192,0.002110624
11,8,0,0.009026218,0.009016731
12,8,0,0.047300399,0.047291551
13,8,0,0.260496271,0.260487568
14,8,1,0.545912367,0.545903757
