4,0,0,9.3e-07,1.81e-05
5,0,0,2.021e-06,1.8245e-05
6,0,0,4.6e-06,2.0979e-05
7,0,0,1.6867e-05,3.33e-05
8,0,0,7.6489e-05,9.5134e-05
9,0,0,0.000266071,0.000284505
10,0,0,0.001047771,0.001065265
11,0,0,0.006350412,0.006373295
12,0,0,0.026875001,0.026894879
13,0,0,0.108911818,0.10893048
14,0,0,0.498962476,0.498973187
4,1,0,4.8846e-05,5.9475e-05
5,1,0,4.3823e-05,5.4499e-05
6,1,0,4.5102e-05,5.5753e-05
7,1,0,5.3188e-05,6.4079e-05
8,1,0,8.6822e-05,9.8272e-05
9,1,0,0.000213702,0.000225364
10,1,0,0.000730504,0.000742344
11,1,0,0.003194756,0.003206602
12,1,0,0.025612476,0.025638987
13,1,0,0.105125344,0.105142406
14,1,0,0.498008256,0.498019
4,2,0,0.000120579,0.000131167
5,2,0,0.000118349,0.000128956
6,2,0,0.000124932,0.000135606
7,2,0,0.000131547,0.000142313
8,2,0,0.000141933,0.000152762
9,2,0,0.000251381,0.000263316
10,2,0,0.000642355,0.000654471
11,2,0,0.002332843,0.002345683
12,2,0,0.014467519,0.01449233
13,2,0,0.055048783,0.055061429
14,2,0,0.255032024,0.255043205
4,3,0,0.000110575,0.000121645
5,3,0,0.000118554,0.000129489
6,3,0,0.000118467,0.000129593
7,3,0,0.000146089,0.000157692
8,3,0,0.000158553,0.000170526
9,3,0,0.000230965,0.00024293
10,3,0,0.000476064,0.000487829
11,3,0,0.001670921,0.001682715
12,3,0,0.007960433,0.00797265
13,3,0,0.037125282,0.03713713
14,3,0,0.181963871,0.181975075
4,4,0,0.000128069,0.000138545
5,4,0,0.000124382,0.000135164
6,4,0,0.000132811,0.000143585
7,4,0,0.000135777,0.000147091
8,4,0,0.000140612,0.00015176
9,4,0,0.000200334,0.000211581
10,4,0,0.000406362,0.000417599
11,4,0,0.001343792,0.001358751
12,4,0,0.005669926,0.005682137
13,4,0,0.030898168,0.030910664
14,4,0,0.138668345,0.138679636
4,5,0,0.000135487,0.000146027
5,5,0,0.000135791,0.000146467
6,5,0,0.000135045,0.000146236
7,5,0,0.000138343,0.000149887
8,5,0,0.000142076,0.000153603
9,5,0,0.000239702,0.000255517
10,5,0,0.000365585,0.000381093
11,5,0,0.001098091,0.001113092
12,5,0,0.0046258,0.004641572
13,5,0,0.024350228,0.024365159
14,5,0,0.113178218,0.113191658
4,6,0,0.000147056,0.00015764
5,6,0,0.000143305,0.000154211
6,6,0,0.000159531,0.000170414
7,6,0,0.000147469,0.000158388
8,6,0,0.000177436,0.000189258
9,6,0,0.000736512,0.000748814
10,6,0,0.000367558,0.000380399
11,6,0,0.001007864,0.001020595
12,6,0,0.004960246,0.004974635
13,6,0,0.021396459,0.021414765
14,6,0,0.103431573,0.103447058
4,7,0,0.000246153,0.000265238
5,7,0,0.000221504,0.00023953
6,7,0,0.000211128,0.000229307
7,7,0,0.000221723,0.000239782
8,7,0,0.000278613,0.000298401
9,7,0,0.000289825,0.000308412
10,7,0,0.000364095,0.000379273
11,7,0,0.001067806,0.001085126
12,7,0,0.003455391,0.003471831
13,7,0,0.016818529,0.016834213
14,7,0,0.088357578,0.088376255
4,8,0,0.000191845,0.000203393
5,8,0,0.000197298,0.000208374
6,8,0,0.000172253,0.000183667
7,8,0,0.000203407,0.000215178
8,8,0,0.000183496,0.000195817
9,8,0,0.000240752,0.00025306
10,8,0,0.000360968,0.000373642
11,8,0,0.000775638,0.000788409
12,8,0,0.002851438,0.002863592
13,8,0,0.016939941,0.016952133
14,8,0,0.078485477,0.078500392
4,9,0,0.000173695,0.000184505
5,9,0,0.000199365,0.000210179
6,9,0,0.000187141,0.000198244
7,9,0,0.000184103,0.000195331
8,9,0,0.000213811,0.000224988
9,9,0,0.000229802,0.000241231
10,9,0,0.000322418,0.000334113
11,9,0,0.000775401,0.000787642
12,9,0,0.003850633,0.003862936
13,9,0,0.013289585,0.013301796
14,9,0,0.07213863,0.072150325
4,10,0,0.000213625,0.000224495
5,10,0,0.000195361,0.0002062
6,10,0,0.000207635,0.000219205
7,10,0,0.000247316,0.00026055
8,10,0,0.000245493,0.000259418
9,10,0,0.000252089,0.000266141
10,10,0,0.000394925,0.000409903
11,10,0,0.000844054,0.000859027
12,10,0,0.002876966,0.002891966
13,10,0,0.012563646,0.012577165
14,10,0,0.066299517,0.066312536
4,11,0,0.000218746,0.000229398
5,11,0,0.000214757,0.000225535
6,11,0,0.000227789,0.000239327
7,11,0,0.00022292,0.000234782
8,11,0,0.001357971,0.0013698
9,11,0,0.000281454,0.000293509
10,11,0,0.000388094,0.000401265
11,11,0,0.00080812,0.000821888
12,11,0,0.002797286,0.002812281
13,11,0,0.012715109,0.012729266
14,11,0,0.065581435,0.065594862
4,12,0,0.000226434,0.000237159
5,12,0,0.000301038,0.000315671
6,12,0,0.000269549,0.000283972
7,12,0,0.00028428,0.00029891
8,12,0,0.00030513,0.000320154
9,12,0,0.000308482,0.000323651
10,12,0,0.000387125,0.000402195
11,12,0,0.000935237,0.000955212
12,12,0,0.00263988,0.002658232
13,12,0,0.012141765,0.012159258
14,12,0,0.066641872,0.066657326
4,0,1,6.5e-07,1.3704e-05
5,0,1,1.563e-06,1.4635e-05
6,0,1,3.865e-06,1.7197e-05
7,0,1,1.4056e-05,2.7946e-05
8,0,1,5.6184e-05,7.1405e-05
9,0,1,0.000229941,0.000245429
10,0,1,0.001050898,0.001068358
11,0,1,0.004628382,0.004644883
12,0,1,0.021061391,0.021077037
13,0,1,0.085333731,0.085344872
14,0,1,0.505168762,0.505181659
4,1,1,4.9042e-05,5.9498e-05
5,1,1,4.3075e-05,5.3551e-05
6,1,1,5.0835e-05,6.2828e-05
7,1,1,9.1929e-05,0.000109915
8,1,1,0.000122401,0.000138538
9,1,1,0.000403357,0.00042449
10,1,1,0.00150225,0.001525007
11,1,1,0.006166624,0.006187587
12,1,1,0.027373611,0.027393234
13,1,1,0.098112876,0.098128421
14,1,1,0.497480148,0.497490876
4,2,1,0.000115173,0.00012591
5,2,1,0.000121396,0.000132247
6,2,1,0.000109224,0.000120093
7,2,1,0.000154361,0.000165335
8,2,1,0.000207061,0.000224547
9,2,1,0.000307673,0.000325193
10,2,1,0.000755367,0.000773145
11,2,1,0.002818926,0.002836372
12,2,1,0.014146087,0.014165677
13,2,1,0.061757838,0.061777423
14,2,1,0.255542173,0.25555543
4,3,1,0.00010567,0.000116177
5,3,1,0.000103283,0.000113913
6,3,1,0.000105156,0.000116288
7,3,1,0.000463555,0.000476872
8,3,1,0.000143757,0.000157609
9,3,1,0.000218571,0.000232523
10,3,1,0.000510159,0.000526597
11,3,1,0.001724843,0.001741327
12,3,1,0.007919898,0.007940756
13,3,1,0.041145695,0.04116418
14,3,1,0.172894881,0.172908923
4,4,1,0.00011236,0.000123553
5,4,1,0.000121143,0.00013237
6,4,1,0.000556395,0.000571137
7,4,1,0.000148821,0.000163561
8,4,1,0.000156203,0.000171119
9,4,1,0.000221633,0.000235953
10,4,1,0.000347179,0.000361674
11,4,1,0.001137561,0.001151296
12,4,1,0.005255461,0.005269798
13,4,1,0.027766586,0.027779719
14,4,1,0.136521084,0.136533122
4,5,1,0.000134816,0.000145249
5,5,1,0.000135561,0.00014769
6,5,1,0.000151419,0.000163395
7,5,1,0.000146777,0.000158722
8,5,1,0.000122176,0.00013093
9,5,1,0.00018689,0.000200846
10,5,1,0.000325428,0.000342126
11,5,1,0.001061033,0.001076935
12,5,1,0.00416642,0.004183372
13,5,1,0.020669926,0.020686196
14,5,1,0.10977998,0.109794418
4,6,1,0.000189565,0.000203075
5,6,1,0.000188801,0.000202549
6,6,1,0.000199273,0.000212802
7,6,1,0.000209151,0.000224226
8,6,1,0.000196498,0.000211035
9,6,1,0.000251433,0.000265926
10,6,1,0.000348178,0.000362628
11,6,1,0.000959927,0.000974726
12,6,1,0.003902476,0.003916538
13,6,1,0.022396238,0.022410334
14,6,1,0.090660518,0.090673529
4,7,1,0.000154149,0.000164691
5,7,1,0.000169597,0.000180267
6,7,1,0.000158805,0.000169562
7,7,1,0.000172396,0.000183615
8,7,1,0.000191736,0.000203345
9,7,1,0.000223174,0.00023527
10,7,1,0.000369605,0.0003878
11,7,1,0.000835912,0.000853174
12,7,1,0.003825154,0.003843425
13,7,1,0.017765864,0.01778213
14,7,1,0.092417112,0.092436592
4,8,1,0.000199563,0.000211057
5,8,1,0.000206258,0.000217764
6,8,1,0.000229658,0.000241589
7,8,1,0.000218089,0.000230443
8,8,1,0.00022338,0.0002355
9,8,1,0.000230992,0.000243129
10,8,1,0.000383121,0.000395259
11,8,1,0.000772166,0.000788327
12,8,1,0.002882705,0.002898017
13,8,1,0.013761039,0.01377577
14,8,1,0.07507924,0.075092892
4,9,1,0.000202546,0.000213657
5,9,1,0.000197626,0.000208741
6,9,1,0.00020652,0.000217625
7,9,1,0.000236254,0.000248455
8,9,1,0.000221473,0.000233751
9,9,1,0.000286463,0.000298569
10,9,1,0.000334102,0.000347391
11,9,1,0.000863195,0.000879618
12,9,1,0.00273621,0.002752711
13,9,1,0.013415016,0.013430932
14,9,1,0.069797562,0.06981176
4,10,1,0.00023126,0.000243212
5,10,1,0.000263864,0.000275862
6,10,1,0.000235228,0.000247231
7,10,1,0.000312996,0.000332495
8,10,1,0.000323422,0.000350954
9,10,1,0.000343215,0.000361642
10,10,1,0.000451254,0.000468637
11,10,1,0.000866823,0.000883202
12,10,1,0.002866139,0.00288186
13,10,1,0.012534667,0.012550484
14,10,1,0.070068166,0.070082273
4,11,1,0.000229375,0.000240077
5,11,1,0.000228563,0.000239302
6,11,1,0.000205065,0.000216401
7,11,1,0.000263502,0.000275241
8,11,1,0.00025437,0.000266078
9,11,1,0.000282754,0.000294504
10,11,1,0.000405349,0.000417533
11,11,1,0.000835589,0.000847813
12,11,1,0.002460924,0.002473258
13,11,1,0.01214523,0.01215732
14,11,1,0.06488682,0.064898629
4,12,1,0.000252577,0.000263323
5,12,1,0.000787151,0.000801627
6,12,1,0.000305154,0.000319583
7,12,1,0.000300444,0.000315211
8,12,1,0.000357415,0.000377087
9,12,1,0.000395689,0.000414344
10,12,1,0.000495192,0.000515091
11,12,1,0.000892291,0.00091082
12,12,1,0.002908716,0.002926086
13,12,1,0.012825549,0.012845381
14,12,1,0.057739929,0.05775733
4,0,2,7.1e-07,1.3802e-05
5,0,2,1.58e-06,1.551e-05
6,0,2,4.104e-06,1.7942e-05
7,0,2,2.0125e-05,3.9877e-05
8,0,2,6.6197e-05,8.4498e-05
9,0,2,0.000293773,0.000313553
10,0,2,0.001132477,0.001151115
11,0,2,0.004922176,0.004939747
12,0,2,0.022682259,0.022698896
13,0,2,0.092799964,0.092813984
14,0,2,0.497740361,0.497751087
4,1,2,5.2969e-05,6.5915e-05
5,1,2,5.3884e-05,6.6789e-05
6,1,2,7.1135e-05,8.8332e-05
7,1,2,8.2737e-05,9.911e-05
8,1,2,0.000123024,0.000139322
9,1,2,0.000302653,0.000319071
10,1,2,0.0010663,0.001082915
11,1,2,0.005002804,0.00502009
12,1,2,0.021597937,0.02161363
13,1,2,0.065495421,0.065505526
14,1,2,0.522066172,0.522084092
4,2,2,0.000117754,0.000128384
5,2,2,0.000132032,0.000144727
6,2,2,0.00014548,0.000158584
7,2,2,0.000181514,0.000199865
8,2,2,0.000192134,0.000209436
9,2,2,0.00030388,0.000321573
10,2,2,0.0007516,0.000769045
11,2,2,0.002728799,0.002745306
12,2,2,0.01424173,0.014261286
13,2,2,0.063609234,0.063630347
14,2,2,0.278972135,0.278993066
4,3,2,0.000108597,0.00011933
5,3,2,0.000104159,0.000114786
6,3,2,0.000148294,0.000166314
7,3,2,0.000168719,0.000186785
8,3,2,0.000174307,0.000191595
9,3,2,0.000252438,0.000269807
10,3,2,0.00045062,0.000467062
11,3,2,0.001440343,0.001456635
12,3,2,0.007132092,0.007154707
13,3,2,0.032629456,0.032648119
14,3,2,0.163772153,0.163786713
4,4,2,0.000108621,0.000119007
5,4,2,0.000147027,0.000161249
6,4,2,0.000143634,0.00015794
7,4,2,0.000156587,0.000170911
8,4,2,0.000173218,0.000187446
9,4,2,0.000199761,0.000213955
10,4,2,0.000341907,0.000350489
11,4,2,0.00123099,0.001245255
12,4,2,0.005205676,0.005223733
13,4,2,0.029925608,0.029942503
14,4,2,0.13163075,0.131645921
4,5,2,0.000116196,0.000126643
5,5,2,0.000126924,0.000138104
6,5,2,0.000119289,0.000130607
7,5,2,0.000130325,0.000141945
8,5,2,0.000174209,0.000189273
9,5,2,0.000218273,0.00023341
10,5,2,0.000361087,0.000375346
11,5,2,0.000926936,0.000940584
12,5,2,0.004746104,0.00476058
13,5,2,0.022309147,0.022326416
14,5,2,0.111461678,0.111476997
4,6,2,0.000141462,0.000151844
5,6,2,0.000131238,0.000141688
6,6,2,0.000153617,0.00017434
7,6,2,0.000151333,0.00016252
8,6,2,0.000178342,0.000189772
9,6,2,0.000217098,0.000231791
10,6,2,0.000385554,0.000400059
11,6,2,0.000984135,0.000998853
12,6,2,0.004762228,0.004777638
13,6,2,0.02255213,0.022567024
14,6,2,0.088394486,0.088418268
4,7,2,0.00014961,0.000160314
5,7,2,0.000170024,0.000181132
6,7,2,0.000170177,0.000181266
7,7,2,0.000175082,0.000186216
8,7,2,0.000192145,0.000203305
9,7,2,0.000226291,0.000237629
10,7,2,0.000339025,0.000355007
11,7,2,0.00081175,0.000829997
12,7,2,0.003296008,0.003313715
13,7,2,0.020100673,0.020117207
14,7,2,0.086643994,0.086658607
4,8,2,0.000170891,0.000181559
5,8,2,0.000206436,0.000217848
6,8,2,0.000233499,0.000244794
7,8,2,0.000220141,0.000234103
8,8,2,0.000255889,0.000269832
9,8,2,0.000273762,0.000287538
10,8,2,0.00038466,0.000403235
11,8,2,0.000812399,0.000828777
12,8,2,0.0030895,0.003107103
13,8,2,0.015126868,0.015147607
14,8,2,0.08095209,0.080970592
4,9,2,0.000272472,0.00029049
5,9,2,0.000282047,0.00030013
6,9,2,0.000305355,0.000326511
7,9,2,0.000313007,0.000346024
8,9,2,0.000302537,0.000320907
9,9,2,0.000315353,0.00033357
10,9,2,0.000446549,0.000464163
11,9,2,0.000801553,0.000817894
12,9,2,0.002891772,0.00291199
13,9,2,0.014700823,0.014718448
14,9,2,0.075664579,0.075680308
4,10,2,0.000204086,0.000214967
5,10,2,0.000209814,0.000220507
6,10,2,0.000198061,0.000209146
7,10,2,0.000211412,0.000222873
8,10,2,0.00021664,0.000228624
9,10,2,0.000296111,0.000311094
10,10,2,0.000350664,0.000365044
11,10,2,0.000785891,0.000800099
12,10,2,0.002540527,0.002554757
13,10,2,0.012625041,0.012639358
14,10,2,0.069193051,0.069206597
4,11,2,0.000224114,0.000234935
5,11,2,0.000222894,0.000234107
6,11,2,0.00025258,0.000263297
7,11,2,0.000230799,0.000241696
8,11,2,0.000693191,0.000704519
9,11,2,0.000280999,0.000292709
10,11,2,0.000403202,0.000415122
11,11,2,0.000789623,0.000801851
12,11,2,0.002818455,0.002830583
13,11,2,0.012998988,0.013010937
14,11,2,0.059876972,0.059888835
4,12,2,0.000242657,0.000253275
5,12,2,0.000251572,0.00027711
6,12,2,0.000267938,0.000279646
7,12,2,0.000287681,0.000300035
8,12,2,0.000284846,0.000297612
9,12,2,0.000321138,0.000333943
10,12,2,0.000422437,0.000435424
11,12,2,0.000882476,0.000895515
12,12,2,0.002968214,0.002981236
13,12,2,0.011920727,0.011933743
14,12,2,0.060764355,0.060776686
4,0,3,5.96e-07,1.1209e-05
5,0,3,1.261e-06,1.2018e-05
6,0,3,3.173e-06,1.4247e-05
7,0,3,1.1412e-05,2.2532e-05
8,0,3,4.3082e-05,5.4986e-05
9,0,3,0.000180729,0.000193336
10,0,3,0.000773842,0.000786791
11,0,3,0.003579765,0.003592917
12,0,3,0.018076435,0.018089489
13,0,3,0.086145239,0.086157283
14,0,3,0.498439036,0.498449793
4,1,3,7.5487e-05,9.4676e-05
5,1,3,7.2621e-05,9.0588e-05
6,1,3,8.0799e-05,9.906e-05
7,1,3,8.6422e-05,0.00010457
8,1,3,0.000135596,0.000152932
9,1,3,0.000310381,0.000326668
10,1,3,0.00106344,0.001079967
11,1,3,0.004710762,0.004727303
12,1,3,0.022149009,0.022165097
13,1,3,0.113350807,0.113371194
14,1,3,0.498452803,0.49846383
4,2,3,0.000108296,0.000118857
5,2,3,0.000129136,0.000139717
6,2,3,0.000111654,0.000122755
7,2,3,0.000135228,0.000146829
8,2,3,0.00016475,0.000176854
9,2,3,0.000253648,0.000265786
10,2,3,0.000696257,0.000708662
11,2,3,0.002350833,0.002363676
12,2,3,0.011320951,0.011333262
13,2,3,0.052275003,0.052286504
14,2,3,0.261112799,0.261123865
4,3,3,0.000115649,0.000126414
5,3,3,0.000167675,0.000186576
6,3,3,0.000164276,0.000183348
7,3,3,0.000129597,0.000140383
8,3,3,0.000135569,0.000146598
9,3,3,0.000231923,0.000243468
10,3,3,0.000508461,0.000520561
11,3,3,0.001703702,0.001716099
12,3,3,0.00823106,0.008242726
13,3,3,0.038434269,0.038446049
14,3,3,0.179911181,0.179922356
4,4,3,0.0001528,0.000166066
5,4,3,0.000134709,0.000147272
6,4,3,0.000132193,0.000144907
7,4,3,0.000157162,0.000170428
8,4,3,0.000159801,0.000173281
9,4,3,0.000232277,0.000247357
10,4,3,0.00051003,0.000524281
11,4,3,0.001546468,0.001560974
12,4,3,0.00661908,0.006635921
13,4,3,0.034106736,0.034122435
14,4,3,0.146990583,0.147003152
4,5,3,0.000128138,0.000138622
5,5,3,0.000148185,0.000159032
6,5,3,0.000140344,0.000152756
7,5,3,0.000205542,0.000221749
8,5,3,0.000184123,0.000199135
9,5,3,0.000220765,0.000235938
10,5,3,0.000439929,0.000455165
11,5,3,0.001035497,0.00105289
12,5,3,0.004548105,0.004564616
13,5,3,0.021468288,0.021483987
14,5,3,0.113351321,0.113365175
4,6,3,0.000147585,0.000158091
5,6,3,0.000167796,0.000179255
6,6,3,0.000172151,0.000183786
7,6,3,0.000162634,0.000174625
8,6,3,0.000192674,0.000205284
9,6,3,0.000234379,0.000247041
10,6,3,0.000390002,0.000403143
11,6,3,0.001139493,0.001153383
12,6,3,0.004728532,0.004741819
13,6,3,0.020627563,0.020640755
14,6,3,0.106395792,0.106408152
4,7,3,0.000177439,0.000188496
5,7,3,0.000167025,0.000178022
6,7,3,0.000219379,0.000233226
7,7,3,0.000194435,0.000208193
8,7,3,0.000468416,0.000482422
9,7,3,0.000269488,0.000287828
10,7,3,0.000459431,0.000477954
11,7,3,0.000979418,0.00099706
12,7,3,0.00401515,0.004031746
13,7,3,0.018473628,0.018492351
14,7,3,0.083545204,0.083561365
4,8,3,0.000147339,0.000165864
5,8,3,0.000185843,0.000197363
6,8,3,0.00022778,0.000241329
7,8,3,0.000228564,0.000242274
8,8,3,0.000222863,0.000236794
9,8,3,0.000236628,0.000250558
10,8,3,0.000349614,0.000363321
11,8,3,0.000859308,0.000873286
12,8,3,0.00300492,0.003018614
13,8,3,0.013699624,0.013712158
14,8,3,0.072835637,0.072850639
4,9,3,0.000192633,0.000203697
5,9,3,0.000201345,0.0002132
6,9,3,0.000205686,0.000218022
7,9,3,0.000227221,0.000239677
8,9,3,0.000235524,0.000248866
9,9,3,0.000281946,0.00029636
10,9,3,0.000408557,0.000423143
11,9,3,0.000844834,0.00085896
12,9,3,0.002934373,0.002949434
13,9,3,0.016833625,0.016848495
14,9,3,0.075747187,0.075761093
4,10,3,0.000195906,0.000206879
5,10,3,0.000210909,0.000221973
6,10,3,0.000214441,0.000225914
7,10,3,0.000279181,0.000294132
8,10,3,0.000259857,0.000274743
9,10,3,0.000261386,0.000277118
10,10,3,0.000361962,0.00037707
11,10,3,0.000843218,0.000859844
12,10,3,0.002987703,0.00300342
13,10,3,0.013722934,0.013741078
14,10,3,0.072947916,0.072964437
4,11,3,0.000200393,0.000212434
5,11,3,0.000221102,0.000234037
6,11,3,0.000247646,0.000261664
7,11,3,0.000251592,0.000265524
8,11,3,0.00024106,0.00025518
9,11,3,0.000276137,0.000291086
10,11,3,0.00036743,0.00038175
11,11,3,0.000730666,0.00074433
12,11,3,0.002794565,0.002808301
13,11,3,0.013463506,0.013476632
14,11,3,0.069268399,0.069280747
4,12,3,0.000265558,0.000276364
5,12,3,0.000250406,0.000262035
6,12,3,0.000273375,0.000285702
7,12,3,0.000279021,0.000291369
8,12,3,0.000283198,0.000295826
9,12,3,0.000306865,0.000319705
10,12,3,0.000435067,0.000448064
11,12,3,0.000884033,0.000897014
12,12,3,0.002773063,0.002785925
13,12,3,0.012609054,0.012622043
14,12,3,0.062819551,0.062832135
4,0,4,6.17e-07,1.1389e-05
5,0,4,1.245e-06,1.1979e-05
6,0,4,3.052e-06,1.4078e-05
7,0,4,1.1228e-05,2.2752e-05
8,0,4,3.8327e-05,4.9858e-05
9,0,4,0.000181054,0.000193563
10,0,4,0.000697581,0.000709741
11,0,4,0.005248657,0.005267429
12,0,4,0.023561649,0.02357925
13,0,4,0.095356943,0.095371871
14,0,4,0.497691142,0.497701901
4,1,4,4.3635e-05,5.4408e-05
5,1,4,4.3755e-05,5.4566e-05
6,1,4,4.5193e-05,5.5883e-05
7,1,4,5.9695e-05,7.1622e-05
8,1,4,9.2584e-05,0.000104586
9,1,4,0.000222228,0.000234327
10,1,4,0.000800737,0.000823714
11,1,4,0.003731376,0.003744039
12,1,4,0.018909595,0.018922729
13,1,4,0.087279838,0.087291943
14,1,4,0.498732693,0.498743984
4,2,4,0.000103664,0.000114441
5,2,4,0.000113273,0.000124233
6,2,4,0.000135365,0.000146886
7,2,4,0.000129194,0.000140735
8,2,4,0.000171423,0.000185245
9,2,4,0.000282703,0.000297311
10,2,4,0.000706719,0.000721964
11,2,4,0.00235417,0.002369695
12,2,4,0.013877035,0.013896715
13,2,4,0.056236269,0.056253766
14,2,4,0.253505423,0.253518032
4,3,4,0.000129059,0.000139959
5,3,4,0.000126499,0.000138128
6,3,4,0.000129672,0.000141279
7,3,4,0.000129863,0.000140994
8,3,4,0.000178967,0.000190152
9,3,4,0.000208432,0.000220238
10,3,4,0.00047845,0.000490404
11,3,4,0.001693182,0.001704999
12,3,4,0.008822803,0.008843365
13,3,4,0.039643911,0.039656661
14,3,4,0.183906329,0.183917418
4,4,4,0.00011833,0.000128973
5,4,4,0.000117363,0.000128134
6,4,4,0.000126104,0.000136916
7,4,4,0.000123311,0.000134298
8,4,4,0.000108989,0.000117556
9,4,4,0.000203786,0.0002154
10,4,4,0.000372622,0.000383902
11,4,4,0.001194598,0.001207029
12,4,4,0.005286257,0.005298457
13,4,4,0.027036584,0.027048227
14,4,4,0.141173268,0.141184294
4,5,4,0.000132293,0.000142807
5,5,4,0.000122038,0.000132637
6,5,4,0.000133471,0.000144634
7,5,4,0.000136458,0.00014914
8,5,4,0.001038067,0.001050307
9,5,4,0.000209561,0.00022249
10,5,4,0.000429083,0.000444075
11,5,4,0.0010576,0.001074692
12,5,4,0.00435083,0.00436728
13,5,4,0.026002874,0.026019193
14,5,4,0.116133741,0.116158685
4,6,4,0.000575465,0.00058612
5,6,4,0.000143671,0.000154236
6,6,4,0.000142828,0.000151162
7,6,4,0.000143367,0.000154062
8,6,4,0.000159742,0.000171391
9,6,4,0.000235644,0.000247718
10,6,4,0.000344306,0.000356948
11,6,4,0.000914848,0.000928079
12,6,4,0.004938206,0.004951801
13,6,4,0.022257342,0.022270615
14,6,4,0.099414761,0.099426733
4,7,4,0.000176402,0.000187734
5,7,4,0.000171047,0.000182404
6,7,4,0.00017775,0.00018912
7,7,4,0.000163914,0.000175598
8,7,4,0.000170518,0.00018215
9,7,4,0.000224754,0.000236188
10,7,4,0.000358468,0.000370346
11,7,4,0.000769375,0.00078997
12,7,4,0.003193924,0.00320578
13,7,4,0.017873803,0.017885286
14,7,4,0.086409115,0.086421546
4,8,4,0.000204917,0.000215754
5,8,4,0.00019407,0.000204908
6,8,4,0.000215739,0.000231138
7,8,4,0.000221259,0.000236654
8,8,4,0.000236175,0.000251722
9,8,4,0.000269295,0.000285352
10,8,4,0.000394321,0.000409416
11,8,4,0.00084944,0.000864531
12,8,4,0.003170763,0.003186068
13,8,4,0.015145372,0.015159063
14,8,4,0.076364939,0.076378409
4,9,4,0.000174926,0.000191962
5,9,4,0.00020493,0.000224299
6,9,4,0.00026025,0.000276927
7,9,4,0.00025413,0.000278938
8,9,4,0.000286534,0.000302934
9,9,4,0.000277162,0.00029278
10,9,4,0.000394418,0.000410175
11,9,4,0.000825149,0.000840845
12,9,4,0.002746408,0.002761301
13,9,4,0.013251469,0.013266266
14,9,4,0.074028425,0.074042746
4,10,4,0.000224915,0.00023688
5,10,4,0.000231323,0.000244317
6,10,4,0.000239164,0.000252203
7,10,4,0.000246374,0.000258927
8,10,4,0.00025554,0.000268401
9,10,4,0.000267005,0.00027979
10,10,4,0.000371499,0.000383722
11,10,4,0.000730057,0.000742026
12,10,4,0.002639951,0.002651874
13,10,4,0.013616644,0.013628998
14,10,4,0.067377375,0.067389615
4,11,4,0.000254252,0.000267243
5,11,4,0.000251794,0.000265964
6,11,4,0.000266019,0.000279058
7,11,4,0.000242038,0.000255305
8,11,4,0.000291779,0.000305093
9,11,4,0.000293984,0.000303221
10,11,4,0.000391613,0.000400835
11,11,4,0.000838765,0.000848143
12,11,4,0.002438942,0.002454586
13,11,4,0.010867202,0.010882325
14,11,4,0.065398263,0.065412356
4,12,4,0.000264678,0.000277315
5,12,4,0.000297196,0.000310495
6,12,4,0.000281584,0.000294985
7,12,4,0.000308781,0.000322286
8,12,4,0.000308844,0.000322927
9,12,4,0.000324487,0.000339628
10,12,4,0.000450198,0.000465256
11,12,4,0.000812429,0.000827334
12,12,4,0.002792187,0.002807137
13,12,4,0.012071193,0.012086116
14,12,4,0.065021111,0.065035661
4,0,5,7.93e-07,1.4413e-05
5,0,5,1.461e-06,1.3606e-05
6,0,5,3.447e-06,1.6071e-05
7,0,5,1.1843e-05,2.409e-05
8,0,5,4.1317e-05,5.3599e-05
9,0,5,0.000209034,0.000223827
10,0,5,0.000847254,0.000861524
11,0,5,0.00394362,0.00395785
12,0,5,0.026210988,0.02623052
13,0,5,0.102324997,0.10234154
14,0,5,0.497741443,0.497752067
4,1,5,4.4412e-05,5.4964e-05
5,1,5,4.5743e-05,5.6856e-05
6,1,5,4.5455e-05,5.6336e-05
7,1,5,6.1215e-05,7.3275e-05
8,1,5,9.5178e-05,0.000107873
9,1,5,0.000319695,0.000336821
10,1,5,0.001002994,0.001018654
11,1,5,0.005722636,0.005742505
12,1,5,0.025217721,0.025236206
13,1,5,0.105623844,0.105641283
14,1,5,0.49768544,0.497696097
4,2,5,0.000111682,0.000122268
5,2,5,0.000109428,0.0001208
6,2,5,0.000117862,0.000129519
7,2,5,0.000112552,0.000124399
8,2,5,0.000135609,0.000147425
9,2,5,0.000219602,0.000231854
10,2,5,0.000523005,0.000536117
11,2,5,0.002158386,0.002171327
12,2,5,0.009960171,0.009973962
13,2,5,0.047599049,0.047610716
14,2,5,0.249491654,0.249502061
4,3,5,0.000105244,0.000115994
5,3,5,0.000128633,0.000140741
6,3,5,0.000126667,0.000139973
7,3,5,0.000145097,0.000158277
8,3,5,0.000161453,0.000171192
9,3,5,0.000284352,0.000303966
10,3,5,0.000551337,0.00056994
11,3,5,0.001775346,0.001793955
12,3,5,0.008524473,0.008542114
13,3,5,0.041362339,0.041378096
14,3,5,0.181091429,0.181104724
4,4,5,0.00013093,0.000141585
5,4,5,0.000119943,0.000130481
6,4,5,0.000127531,0.00013837
7,4,5,0.000140448,0.000151357
8,4,5,0.000136105,0.000147212
9,4,5,0.000206225,0.000217604
10,4,5,0.000363893,0.000375006
11,4,5,0.001325356,0.001336452
12,4,5,0.005574085,0.005585308
13,4,5,0.028437402,0.02844836
14,4,5,0.13879644,0.138807475
4,5,5,0.000121625,0.000132392
5,5,5,0.000121617,0.000132167
6,5,5,0.000152481,0.000163419
7,5,5,0.000146815,0.000157867
8,5,5,0.000142113,0.000153637
9,5,5,0.000188639,0.000200144
10,5,5,0.000390567,0.000412342
11,5,5,0.000970178,0.000990907
12,5,5,0.005022802,0.005042242
13,5,5,0.022515103,0.022533607
14,5,5,0.112007791,0.112023345
4,6,5,0.000151803,0.000162293
5,6,5,0.000159716,0.000170445
6,6,5,0.000166557,0.000177357
7,6,5,0.000167416,0.000178334
8,6,5,0.000180552,0.000191759
9,6,5,0.000178407,0.000190097
10,6,5,0.000314746,0.000326478
11,6,5,0.000800825,0.000812467
12,6,5,0.003282915,0.003295241
13,6,5,0.021399858,0.021413644
14,6,5,0.093502846,0.09351588
4,7,5,0.000159021,0.000169683
5,7,5,0.000181459,0.000192218
6,7,5,0.000157514,0.000169121
7,7,5,0.000199597,0.000214062
8,7,5,0.000227639,0.000241532
9,7,5,0.000228628,0.000242504
10,7,5,0.000342709,0.000356795
11,7,5,0.000969007,0.00098381
12,7,5,0.003793265,0.003808032
13,7,5,0.019001419,0.019015643
14,7,5,0.083217792,0.083231346
4,8,5,0.000181305,0.000191945
5,8,5,0.000202167,0.000212849
6,8,5,0.00020652,0.000217254
7,8,5,0.000175793,0.000186577
8,8,5,0.000250319,0.000267388
9,8,5,0.000281515,0.000297878
10,8,5,0.00033937,0.000355798
11,8,5,0.000816009,0.000832413
12,8,5,0.002929167,0.002945739
13,8,5,0.013860097,0.013877638
14,8,5,0.077694903,0.077710565
4,9,5,0.000204456,0.000216497
5,9,5,0.000208707,0.000220645
6,9,5,0.000210065,0.000223225
7,9,5,0.000217912,0.000232948
8,9,5,0.000243769,0.00025903
9,9,5,0.000251616,0.000265648
10,9,5,0.000370062,0.000384418
11,9,5,0.000791187,0.000805731
12,9,5,0.002796067,0.002810551
13,9,5,0.012573216,0.012587451
14,9,5,0.067341059,0.0673549
4,10,5,0.0002236,0.00023458
5,10,5,0.000187535,0.00019871
6,10,5,0.000201573,0.000213067
7,10,5,0.000240849,0.000252562
8,10,5,0.000328704,0.000344897
9,10,5,0.000301503,0.000317131
10,10,5,0.000422333,0.000438948
11,10,5,0.000855626,0.000875718
12,10,5,0.002742697,0.002761457
13,10,5,0.012023373,0.012042034
14,10,5,0.065397031,0.065413692
4,11,5,0.000232602,0.000245951
5,11,5,0.000301476,0.000319864
6,11,5,0.000281708,0.000299115
7,11,5,0.000307177,0.000325389
8,11,5,0.00035336,0.000371777
9,11,5,0.000366358,0.000383905
10,11,5,0.000437435,0.000453913
11,11,5,0.000821337,0.000836863
12,11,5,0.002866921,0.002882575
13,11,5,0.012119558,0.012135027
14,11,5,0.065084914,0.065099081
4,12,5,0.000244753,0.000255747
5,12,5,0.000251366,0.000262552
6,12,5,0.000277436,0.000288744
7,12,5,0.000267643,0.000279282
8,12,5,0.00029599,0.000309047
9,12,5,0.000331213,0.000344888
10,12,5,0.0003693,0.000378548
11,12,5,0.000847445,0.000861159
12,12,5,0.002566549,0.002580399
13,12,5,0.013396498,0.013410338
14,12,5,0.062684978,0.062697892
4,0,6,6.69e-07,1.3046e-05
5,0,6,1.314e-06,1.2409e-05
6,0,6,3.159e-06,1.4337e-05
7,0,6,1.1337e-05,2.2563e-05
8,0,6,4.488e-05,5.7592e-05
9,0,6,0.000180387,0.000193021
10,0,6,0.000767387,0.00078012
11,0,6,0.003564197,0.003576852
12,0,6,0.017106579,0.017118979
13,0,6,0.085347451,0.085358843
14,0,6,0.498422075,0.498432849
4,1,6,4.6532e-05,5.706e-05
5,1,6,4.4244e-05,5.4912e-05
6,1,6,4.9333e-05,6.0871e-05
7,1,6,6.0404e-05,7.2203e-05
8,1,6,9.5265e-05,0.000108048
9,1,6,0.00024502,0.000257889
10,1,6,0.000868271,0.000881819
11,1,6,0.005535834,0.005555421
12,1,6,0.023981133,0.02399893
13,1,6,0.09376941,0.093784502
14,1,6,0.498044351,0.49805509
4,2,6,0.000117522,0.000128238
5,2,6,0.000115445,0.000126801
6,2,6,0.000125009,0.00013671
7,2,6,0.000145168,0.000157137
8,2,6,0.000162209,0.000174423
9,2,6,0.000251608,0.000262851
10,2,6,0.000595973,0.000607738
11,2,6,0.002220304,0.002231513
12,2,6,0.010761305,0.010773187
13,2,6,0.052350348,0.052362198
14,2,6,0.251599028,0.251610114
4,3,6,0.000110251,0.000120764
5,3,6,0.000112346,0.000123067
6,3,6,0.000134477,0.000145833
7,3,6,0.000131833,0.000142852
8,3,6,0.00017747,0.000191234
9,3,6,0.000230054,0.000243497
10,3,6,0.000537939,0.000557959
11,3,6,0.002109092,0.002127713
12,3,6,0.009875197,0.009892552
13,3,6,0.041770188,0.041785576
14,3,6,0.179703228,0.179715929
4,4,6,0.000113653,0.00012419
5,4,6,0.000138526,0.000149185
6,4,6,0.00012561,0.000136383
7,4,6,0.000154138,0.000167513
8,4,6,0.000157309,0.000171354
9,4,6,0.000202466,0.000216712
10,4,6,0.000411837,0.000425887
11,4,6,0.001345791,0.001360863
12,4,6,0.006089031,0.006105469
13,4,6,0.028603598,0.028619677
14,4,6,0.144767161,0.144780742
4,5,6,0.000120753,0.000131636
5,5,6,0.000167055,0.00018293
6,5,6,0.000201928,0.000220128
7,5,6,0.000175077,0.000192099
8,5,6,0.000177102,0.00019334
9,5,6,0.000262839,0.000279122
10,5,6,0.000464582,0.000481079
11,5,6,0.001280587,0.001298039
12,5,6,0.004971187,0.004988658
13,5,6,0.02445525,0.024471814
14,5,6,0.110639234,0.110653151
4,6,6,0.000135039,0.000145613
5,6,6,0.000155316,0.000166452
6,6,6,0.000160424,0.00017154
7,6,6,0.000214086,0.000230069
8,6,6,0.000206224,0.000222291
9,6,6,0.000239129,0.000254339
10,6,6,0.000338979,0.000355376
11,6,6,0.001050089,0.001066434
12,6,6,0.004558964,0.004573402
13,6,6,0.02130382,0.021317549
14,6,6,0.100950645,0.100963641
4,7,6,0.000154287,0.000165279
5,7,6,0.000183804,0.000194891
6,7,6,0.000173256,0.000184357
7,7,6,0.000180074,0.00019116
8,7,6,0.000203621,0.000215031
9,7,6,0.000209917,0.000222605
10,7,6,0.000354842,0.000367648
11,7,6,0.000778829,0.000791458
12,7,6,0.003039551,0.003051758
13,7,6,0.015008226,0.015020347
14,7,6,0.08909053,0.089103348
4,8,6,0.000229544,0.000242672
5,8,6,0.000209333,0.000222124
6,8,6,0.000208994,0.000221382
7,8,6,0.00020263,0.000217079
8,8,6,0.000212666,0.000226224
9,8,6,0.000252851,0.00026713
10,8,6,0.000407319,0.00043362
11,8,6,0.002116848,0.002133346
12,8,6,0.003043744,0.003062102
13,8,6,0.01714456,0.017161935
14,8,6,0.079073791,0.079091766
4,9,6,0.000219851,0.000232632
5,9,6,0.000230503,0.000243464
6,9,6,0.000242191,0.000255112
7,9,6,0.000234295,0.000247663
8,9,6,0.00023234,0.000245458
9,9,6,0.00025764,0.000271031
10,9,6,0.000392859,0.000406177
11,9,6,0.000712965,0.000726799
12,9,6,0.002765623,0.002779414
13,9,6,0.012566074,0.01258166
14,9,6,0.070085619,0.07009981
4,10,6,0.000504586,0.000515409
5,10,6,0.000206242,0.0002175
6,10,6,0.000222776,0.000234229
7,10,6,0.000332218,0.000349666
8,10,6,0.000290131,0.000307783
9,10,6,0.000322767,0.000339367
10,10,6,0.000407734,0.000424435
11,10,6,0.00093078,0.000947325
12,10,6,0.002983366,0.00299975
13,10,6,0.012679606,0.012696048
14,10,6,0.068430166,0.068444845
4,11,6,0.000223657,0.00023466
5,11,6,0.000200404,0.000211449
6,11,6,0.000228216,0.000238911
7,11,6,0.000240083,0.000250781
8,11,6,0.000235577,0.000246773
9,11,6,0.000301341,0.000314418
10,11,6,0.000853816,0.000866858
11,11,6,0.000786991,0.000800201
12,11,6,0.002731768,0.002746108
13,11,6,0.011875362,0.011890436
14,11,6,0.06081685,0.060830644
4,12,6,0.00024784,0.000260412
5,12,6,0.000282737,0.000297364
6,12,6,0.00029129,0.00030611
7,12,6,0.000288915,0.00030296
8,12,6,0.000302782,0.000316718
9,12,6,0.000316332,0.000330615
10,12,6,0.000536583,0.000559433
11,12,6,0.000940262,0.000961514
12,12,6,0.002915386,0.002935404
13,12,6,0.01171062,0.011729433
14,12,6,0.062592048,0.062608501
4,0,7,8.17e-07,1.3518e-05
5,0,7,1.575e-06,1.435e-05
6,0,7,3.5e-06,1.6318e-05
7,0,7,1.4162e-05,2.8136e-05
8,0,7,4.9711e-05,6.4886e-05
9,0,7,0.000207601,0.000222183
10,0,7,0.000844734,0.000859024
11,0,7,0.003936938,0.00395132
12,0,7,0.017246316,0.017259883
13,0,7,0.092881191,0.092895423
14,0,7,0.498089841,0.498100569
4,1,7,4.4864e-05,5.5465e-05
5,1,7,5.0191e-05,6.1796e-05
6,1,7,5.8081e-05,7.0708e-05
7,1,7,6.5361e-05,7.8375e-05
8,1,7,0.000102516,0.000115715
9,1,7,0.000244927,0.000258577
10,1,7,0.000865085,0.000878833
11,1,7,0.003812667,0.00382624
12,1,7,0.018726981,0.018740498
13,1,7,0.086387974,0.086410101
14,1,7,0.480521957,0.48053253
4,2,7,0.000104436,0.00011804
5,2,7,0.00010381,0.000111909
6,2,7,0.000112294,0.000120456
7,2,7,0.000116419,0.000124625
8,2,7,0.000150237,0.000159096
9,2,7,0.000182062,0.000190557
10,2,7,0.000555034,0.000563482
11,2,7,0.001783555,0.001791902
12,2,7,0.008705512,0.008714081
13,2,7,0.046481735,0.046497249
14,2,7,0.221276567,0.221285189
4,3,7,9.6693e-05,0.000105749
5,3,7,0.000105242,0.000113463
6,3,7,0.000104301,0.000112533
7,3,7,0.000125646,0.000134435
8,3,7,0.000124485,0.000135486
9,3,7,0.000206848,0.000218813
10,3,7,0.000460584,0.000472393
11,3,7,0.001633305,0.001645272
12,3,7,0.008426011,0.008441073
13,3,7,0.038257063,0.038270911
14,3,7,0.166945368,0.166956993
4,4,7,9.3441e-05,0.0001017
5,4,7,0.00011139,0.00011954
6,4,7,0.000112538,0.000120731
7,4,7,0.000105702,0.00011405
8,4,7,0.000105085,0.000113164
9,4,7,0.000177136,0.000185418
10,4,7,0.00040046,0.000408731
11,4,7,0.001358597,0.001379006
12,4,7,0.006074375,0.006093503
13,4,7,0.02907854,0.029087085
14,4,7,0.130733358,0.130741712
4,5,7,0.000120422,0.000130833
5,5,7,0.000119564,0.000129821
6,5,7,0.000133453,0.000145022
7,5,7,0.000120346,0.000130765
8,5,7,0.000132546,0.000142971
9,5,7,0.000171654,0.00018212
10,5,7,0.000334467,0.000345258
11,5,7,0.001049328,0.001060108
12,5,7,0.004422419,0.004432992
13,5,7,0.024568464,0.024579306
14,5,7,0.110541578,0.110556582
4,6,7,0.000113474,0.000121688
5,6,7,0.000142657,0.000150769
6,6,7,0.000127585,0.000135939
7,6,7,0.000130966,0.000139414
8,6,7,0.00013835,0.000146711
9,6,7,0.000200165,0.000208759
10,6,7,0.00031211,0.000320705
11,6,7,0.000882101,0.000890825
12,6,7,0.0039156,0.003924247
13,6,7,0.016836334,0.016844942
14,6,7,0.087483911,0.087492535
4,7,7,0.000131153,0.000139293
5,7,7,0.000163002,0.000171077
6,7,7,0.000155342,0.000166311
7,7,7,0.000158182,0.00016953
8,7,7,0.00017384,0.000185161
9,7,7,0.000223216,0.000235075
10,7,7,0.000309796,0.000322424
11,7,7,0.0008268,0.000839293
12,7,7,0.003567408,0.003579869
13,7,7,0.017355436,0.017367678
14,7,7,0.092530836,0.092549453
4,8,7,0.000174677,0.000185756
5,8,7,0.000208245,0.000219612
6,8,7,0.000219213,0.0002309
7,8,7,0.000216579,0.000229141
8,8,7,0.000226808,0.000239553
9,8,7,0.000257949,0.000270836
10,8,7,0.000391496,0.00040416
11,8,7,0.000826785,0.000839967
12,8,7,0.003131344,0.003145442
13,8,7,0.01479676,0.014809906
14,8,7,0.074876804,0.074893731
4,9,7,0.000202685,0.00021504
5,9,7,0.000191457,0.000204037
6,9,7,0.00023384,0.000247145
7,9,7,0.000246216,0.00025969
8,9,7,0.00024235,0.000256278
9,9,7,0.000282724,0.000296208
10,9,7,0.000353153,0.000366985
11,9,7,0.000805584,0.00081924
12,9,7,0.002778041,0.00279175
13,9,7,0.013161898,0.013175845
14,9,7,0.074035752,0.074048754
4,10,7,0.000192808,0.000203654
5,10,7,0.000242646,0.00025536
6,10,7,0.000236328,0.000249014
7,10,7,0.000235167,0.000247959
8,10,7,0.000229343,0.000242305
9,10,7,0.000306341,0.000320169
10,10,7,0.000417931,0.000431651
11,10,7,0.000796079,0.000809775
12,10,7,0.002734706,0.002748327
13,10,7,0.012550567,0.012563691
14,10,7,0.068733683,0.068746725
4,11,7,0.000200045,0.000210653
5,11,7,0.00023088,0.00024226
6,11,7,0.000270279,0.000285716
7,11,7,0.000294074,0.000309635
8,11,7,0.000332744,0.000352415
9,11,7,0.000376263,0.000394917
10,11,7,0.000428292,0.000445026
11,11,7,0.000774611,0.000791293
12,11,7,0.002624269,0.002640074
13,11,7,0.012480692,0.012496548
14,11,7,0.067798335,0.067812495
4,12,7,0.000252405,0.000265548
5,12,7,0.000257375,0.000270861
6,12,7,0.00029952,0.000314341
7,12,7,0.000314328,0.000329291
8,12,7,0.000301954,0.000316276
9,12,7,0.000340346,0.000355216
10,12,7,0.00042875,0.000443807
11,12,7,0.000805094,0.00082
12,12,7,0.003017298,0.003031596
13,12,7,0.012834488,0.012848809
14,12,7,0.065028993,0.065042261
4,0,8,6.56e-07,1.1518e-05
5,0,8,1.357e-06,1.2617e-05
6,0,8,3.64e-06,1.6603e-05
7,0,8,1.3533e-05,2.6948e-05
8,0,8,4.9536e-05,6.3605e-05
9,0,8,0.000199207,0.000213455
10,0,8,0.000891154,0.000906097
11,0,8,0.0041028,0.004117741
12,0,8,0.020070663,0.020085152
13,0,8,0.104940544,0.104957988
14,0,8,0.511554014,0.511569112
4,1,8,4.6804e-05,5.7361e-05
5,1,8,4.3052e-05,5.3692e-05
6,1,8,5.2199e-05,6.464e-05
7,1,8,6.3769e-05,7.6241e-05
8,1,8,9.5104e-05,0.000107736
9,1,8,0.000254106,0.000267715
10,1,8,0.000905812,0.000919548
11,1,8,0.004210295,0.004224658
12,1,8,0.022753399,0.022770008
13,1,8,0.092838079,0.092852203
14,1,8,0.497257457,0.497268089
4,2,8,0.00011513,0.000125747
5,2,8,0.000122149,0.000132871
6,2,8,0.000118293,0.000129007
7,2,8,0.000122662,0.000133504
8,2,8,0.000136495,0.000147899
9,2,8,0.000212856,0.000224136
10,2,8,0.000624611,0.000636711
11,2,8,0.002292357,0.002304962
12,2,8,0.011972842,0.01198531
13,2,8,0.052079456,0.052091027
14,2,8,0.253724655,0.253735804
4,3,8,0.000103963,0.000114572
5,3,8,0.000112939,0.000123539
6,3,8,0.000115473,0.000126447
7,3,8,0.000115908,0.000127464
8,3,8,0.000137376,0.00014946
9,3,8,0.0001985,0.000210694
10,3,8,0.000511114,0.000523652
11,3,8,0.001726558,0.001739228
12,3,8,0.008192749,0.008206235
13,3,8,0.040817396,0.040830037
14,3,8,0.179215,0.179226013
4,4,8,0.000140521,0.000151147
5,4,8,0.000134152,0.000144869
6,4,8,0.000123722,0.00013505
7,4,8,0.00013045,0.000141649
8,4,8,0.000146184,0.000157579
9,4,8,0.00023274,0.000248078
10,4,8,0.000425749,0.000442169
11,4,8,0.001331659,0.001347327
12,4,8,0.006225739,0.006241321
13,4,8,0.028626897,0.028641685
14,4,8,0.143822653,0.143835527
4,5,8,0.000126483,0.000137031
5,5,8,0.000137035,0.00014816
6,5,8,0.000143476,0.000156067
7,5,8,0.000158228,0.000171069
8,5,8,0.000161285,0.000174133
9,5,8,0.00019491,0.000207706
10,5,8,0.000349066,0.000363127
11,5,8,0.001176838,0.001191891
12,5,8,0.004506962,0.004521854
13,5,8,0.022732881,0.022747303
14,5,8,0.111354951,0.111368069
4,6,8,0.000148246,0.000158845
5,6,8,0.00016583,0.000176396
6,6,8,0.000156677,0.000167679
7,6,8,0.000181821,0.000193016
8,6,8,0.00017737,0.000188872
9,6,8,0.001278734,0.001292056
10,6,8,0.000369329,0.000382705
11,6,8,0.00089625,0.000909812
12,6,8,0.004329747,0.004342525
13,6,8,0.020917346,0.02093299
14,6,8,0.09534858,0.095362468
4,7,8,0.000179287,0.000189855
5,7,8,0.000157173,0.000177003
6,7,8,0.000181392,0.000192223
7,7,8,0.000162673,0.000173928
8,7,8,0.000216958,0.000228181
9,7,8,0.000215537,0.000227151
10,7,8,0.00036072,0.000374362
11,7,8,0.000844207,0.000857904
12,7,8,0.003199061,0.003212561
13,7,8,0.016998264,0.017010789
14,7,8,0.081961359,0.081973382
4,8,8,0.0002069,0.000219236
5,8,8,0.000218208,0.000230446
6,8,8,0.000239369,0.000252255
7,8,8,0.000236768,0.000261646
8,8,8,0.000236617,0.000249589
9,8,8,0.0002861,0.000299898
10,8,8,0.000382811,0.000397051
11,8,8,0.000768449,0.000782865
12,8,8,0.003287978,0.003302342
13,8,8,0.014976454,0.014990868
14,8,8,0.074693088,0.07470671
4,9,8,0.000206066,0.000216797
5,9,8,0.00025096,0.000265531
6,9,8,0.000239586,0.000253492
7,9,8,0.00022407,0.000237932
8,9,8,0.000260735,0.000274564
9,9,8,0.000268994,0.000293257
10,9,8,0.000390802,0.000405119
11,9,8,0.000855375,0.000869879
12,9,8,0.002844075,0.002864946
13,9,8,0.013168355,0.013186939
14,9,8,0.072151932,0.072168635
4,10,8,0.000224312,0.000237363
5,10,8,0.000215275,0.000228205
6,10,8,0.00025268,0.000265236
7,10,8,0.00022636,0.000239157
8,10,8,0.000256719,0.000269738
9,10,8,0.000279832,0.000293675
10,10,8,0.000376437,0.00039062
11,10,8,0.001438565,0.001452205
12,10,8,0.002879882,0.002893501
13,10,8,0.012715747,0.012728659
14,10,8,0.074607428,0.074620147
4,11,8,0.00020647,0.000217377
5,11,8,0.000231289,0.000242257
6,11,8,0.000304118,0.000321542
7,11,8,0.000287783,0.000312234
8,11,8,0.000337786,0.000355135
9,11,8,0.000315848,0.000333182
10,11,8,0.000441215,0.000458547
11,11,8,0.000917672,0.000934255
12,11,8,0.002815942,0.00283166
13,11,8,0.012548405,0.012563318
14,11,8,0.066846831,0.066860431
4,12,8,0.000235231,0.000246041
5,12,8,0.000258527,0.000269479
6,12,8,0.00025144,0.00026268
7,12,8,0.000267657,0.000279858
8,12,8,0.000324094,0.000336728
9,12,8,0.000311067,0.000323839
10,12,8,0.000423923,0.000436671
11,12,8,0.000776683,0.000789266
12,12,8,0.002919779,0.002932292
13,12,8,0.012390822,0.012403597
14,12,8,0.059517042,0.059529095
4,0,9,6.22e-07,1.1483e-05
5,0,9,1.365e-06,1.3106e-05
6,0,9,3.379e-06,1.5881e-05
7,0,9,1.2372e-05,2.4895e-05
8,0,9,5.3657e-05,6.6335e-05
9,0,9,0.000233152,0.000249753
10,0,9,0.000996757,0.001013221
11,0,9,0.004352299,0.004367917
12,0,9,0.021423069,0.021438921
13,0,9,0.092171717,0.092185129
14,0,9,0.499005106,0.499015728
4,1,9,4.4032e-05,5.4692e-05
5,1,9,4.2904e-05,5.3564e-05
6,1,9,5.089e-05,6.3025e-05
7,1,9,6.2735e-05,7.4949e-05
8,1,9,9.6504e-05,0.000109249
9,1,9,0.000244804,0.000257575
10,1,9,0.000864551,0.000878125
11,1,9,0.003993769,0.004008261
12,1,9,0.018791551,0.018805257
13,1,9,0.087383753,0.087396251
14,1,9,0.47867558,0.478697204
4,2,9,9.1912e-05,0.000100117
5,2,9,0.000109297,0.000117478
6,2,9,0.000108546,0.000116702
7,2,9,0.000103469,0.000111711
8,2,9,0.000108959,0.000117139
9,2,9,0.000300012,0.000319861
10,2,9,0.000604972,0.000616525
11,2,9,0.002116477,0.002127493
12,2,9,0.009856414,0.009867344
13,2,9,0.047283322,0.047291828
14,2,9,0.222332677,0.222342286
4,3,9,8.1552e-05,8.9492e-05
5,3,9,9.1992e-05,0.000100172
6,3,9,0.00011014,0.000118342
7,3,9,0.00012291,0.000131668
8,3,9,0.000109406,0.000117733
9,3,9,0.00016661,0.00017514
10,3,9,0.000406963,0.000415495
11,3,9,0.0012971,0.001305723
12,3,9,0.006004862,0.006013629
13,3,9,0.030313194,0.030321904
14,3,9,0.15915267,0.159161421
4,4,9,0.000103212,0.000111372
5,4,9,0.000104839,0.000112935
6,4,9,0.000106274,0.000114509
7,4,9,0.000118705,0.000126866
8,4,9,0.00011329,0.000121512
9,4,9,0.000149988,0.000158182
10,4,9,0.00032702,0.00033627
11,4,9,0.001089359,0.001104363
12,4,9,0.004405165,0.004420301
13,4,9,0.024225178,0.024239502
14,4,9,0.112077511,0.112090037
4,5,9,0.000111819,0.000122549
5,5,9,0.000118029,0.000128557
6,5,9,0.000119444,0.000129828
7,5,9,0.000130264,0.000140756
8,5,9,0.000133412,0.000145062
9,5,9,0.000170031,0.000180753
10,5,9,0.000398413,0.000409561
11,5,9,0.000917723,0.000928839
12,5,9,0.004028969,0.004040644
13,5,9,0.01937749,0.019389252
14,5,9,0.101155363,0.101166551
4,6,9,0.000130359,0.000140762
5,6,9,0.00015643,0.000166977
6,6,9,0.000132098,0.000142573
7,6,9,0.000138994,0.000149613
8,6,9,0.000158614,0.000169309
9,6,9,0.000192105,0.000202742
10,6,9,0.000283404,0.000294254
11,6,9,0.000767181,0.000778418
12,6,9,0.003463769,0.003475444
13,6,9,0.016997042,0.017010571
14,6,9,0.084606609,0.084618449
4,7,9,0.000147562,0.000155953
5,7,9,0.000141099,0.000149612
6,7,9,0.000148496,0.000156837
7,7,9,0.00014518,0.000153525
8,7,9,0.000155877,0.000164391
9,7,9,0.000165591,0.000174032
10,7,9,0.000345509,0.000354107
11,7,9,0.000615335,0.000624001
12,7,9,0.002711347,0.002720265
13,7,9,0.014065949,0.014075093
14,7,9,0.079163617,0.079172572
4,8,9,0.000166785,0.00017526
5,8,9,0.000172758,0.000181191
6,8,9,0.000165194,0.000173639
7,8,9,0.00017308,0.000181674
8,8,9,0.00020227,0.00021089
9,8,9,0.000239697,0.000248318
10,8,9,0.000327798,0.00033653
11,8,9,0.000713168,0.000721973
12,8,9,0.003049125,0.003057956
13,8,9,0.0180724,0.01808128
14,8,9,0.080899293,0.080908172
4,9,9,0.000181945,0.000190867
5,9,9,0.000176116,0.000184482
6,9,9,0.000177831,0.000186339
7,9,9,0.000211602,0.000226637
8,9,9,0.000224855,0.000238628
9,9,9,0.000246359,0.000259808
10,9,9,0.000357269,0.000370862
11,9,9,0.000811819,0.000825282
12,9,9,0.002745138,0.002759142
13,9,9,0.012616718,0.012630353
14,9,9,0.067235044,0.06724736
4,10,9,0.000205249,0.000216166
5,10,9,0.000209527,0.000220483
6,10,9,0.000259599,0.000270515
7,10,9,0.000224964,0.000233835
8,10,9,0.000233688,0.000246934
9,10,9,0.000276215,0.000289481
10,10,9,0.000334088,0.000347197
11,10,9,0.000807851,0.000821169
12,10,9,0.002488915,0.002501499
13,10,9,0.012481044,0.012493819
14,10,9,0.066980204,0.066992276
4,11,9,0.000231101,0.000242218
5,11,9,0.000215364,0.000226404
6,11,9,0.000223271,0.000234411
7,11,9,0.000258429,0.000269809
8,11,9,0.000248781,0.000259929
9,11,9,0.000269095,0.000280602
10,11,9,0.000314961,0.000326387
11,11,9,0.000680286,0.000692091
12,11,9,0.002632167,0.002644625
13,11,9,0.011999062,0.012010858
14,11,9,0.065730406,0.065742663
4,12,9,0.000256289,0.000269122
5,12,9,0.000285253,0.000298262
6,12,9,0.000268452,0.000282269
7,12,9,0.000295966,0.000309129
8,12,9,0.000264521,0.000277554
9,12,9,0.00032687,0.000343487
10,12,9,0.000380717,0.000395948
11,12,9,0.000806887,0.000821251
12,12,9,0.002530773,0.002544638
13,12,9,0.010716592,0.010730289
14,12,9,0.064535994,0.064548681
