4,0,0,7.83e-07,1.4954e-05
5,0,0,1.856e-06,1.8066e-05
6,0,0,3.265e-06,1.4888e-05
7,0,0,1.2296e-05,2.4685e-05
8,0,0,4.7551e-05,6.133e-05
9,0,0,0.000190063,0.000203842
10,0,0,0.000807866,0.000821478
11,0,0,0.003421324,0.003434038
12,0,0,0.016305561,0.016317961
13,0,0,0.068042299,0.068053583
14,0,0,0.388864833,0.388877132
15,0,0,2.391215309,2.391223405
4,1,0,3.7839e-05,4.5998e-05
5,1,0,5.5817e-05,6.7032e-05
6,1,0,4.7545e-05,5.8506e-05
7,1,0,5.608e-05,6.6968e-05
8,1,0,8.8222e-05,9.9695e-05
9,1,0,0.000230212,0.000242582
10,1,0,0.000761671,0.000773795
11,1,0,0.003303493,0.003315904
12,1,0,0.0160222,0.01603403
13,1,0,0.065652639,0.06566171
14,1,0,0.381197948,0.38120681
15,1,0,2.384628881,2.384636952
4,2,0,8.9365e-05,9.7614e-05
5,2,0,8.6304e-05,9.442e-05
6,2,0,9.5406e-05,0.000103937
7,2,0,0.000100184,0.000108608
8,2,0,0.000121405,0.000130137
9,2,0,0.000183873,0.000192582
10,2,0,0.00050115,0.00050996
11,2,0,0.001732868,0.001741841
12,2,0,0.008401128,0.008410281
13,2,0,0.041218465,0.041227688
14,2,0,0.205143337,0.205152776
15,2,0,1.211110654,1.211118879
4,3,0,9.5955e-05,0.000104228
5,3,0,0.000104101,0.000112469
6,3,0,0.000108343,0.00011702
7,3,0,0.000111301,0.00011987
8,3,0,0.000117991,0.000126467
9,3,0,0.000167228,0.000175962
10,3,0,0.00034326,0.000354726
11,3,0,0.001096944,0.001108361
12,3,0,0.005155889,0.005167028
13,3,0,0.028505986,0.028519577
14,3,0,0.148331992,0.148343624
15,3,0,0.865497269,0.865505425
4,4,0,0.00012644,0.000146062
5,4,0,0.000142457,0.000162274
6,4,0,0.000147125,0.000159008
7,4,0,0.000148237,0.00015976
8,4,0,0.000162004,0.00017377
9,4,0,0.000751157,0.000763248
10,4,0,0.000332062,0.000344352
11,4,0,0.00094786,0.000959978
12,4,0,0.004441908,0.004453983
13,4,0,0.022053997,0.022065931
14,4,0,0.115334134,0.115343237
15,4,0,0.680089815,0.680098055
4,5,0,0.000140554,0.000148802
5,5,0,0.000118632,0.000126703
6,5,0,0.000153506,0.000161774
7,5,0,0.00015185,0.000160212
8,5,0,0.000159393,0.000167753
9,5,0,0.00019361,0.00020215
10,5,0,0.000355297,0.000368508
11,5,0,0.000848347,0.000857113
12,5,0,0.004609684,0.004618619
13,5,0,0.024416121,0.024433385
14,5,0,0.12256654,0.122575845
15,5,0,0.63538447,0.635392844
4,6,0,0.000153141,0.00016149
5,6,0,0.000151197,0.000159407
6,6,0,0.000215062,0.000223902
7,6,0,0.000220231,0.000229114
8,6,0,0.000222887,0.000231896
9,6,0,0.000243627,0.000252822
10,6,0,0.000380016,0.000389404
11,6,0,0.000911274,0.000927678
12,6,0,0.003502056,0.003511076
13,6,0,0.016056441,0.016065617
14,6,0,0.083544664,0.083553858
15,6,0,0.502543463,0.502552334
4,7,0,0.000186338,0.000194503
5,7,0,0.000176121,0.000184204
6,7,0,0.000186904,0.000195007
7,7,0,0.000201254,0.000211866
8,7,0,0.000216419,0.000227051
9,7,0,0.000256233,0.000266744
10,7,0,0.000416506,0.000428889
11,7,0,0.000988928,0.001001329
12,7,0,0.003475161,0.003487392
13,7,0,0.015858242,0.015870321
14,7,0,0.08232791,0.082337237
15,7,0,0.483663353,0.483671934
4,8,0,0.000208903,0.000217122
5,8,0,0.000206387,0.000214426
6,8,0,0.000201435,0.000209498
7,8,0,0.000212033,0.0002203
8,8,0,0.00022666,0.000234973
9,8,0,0.00023746,0.000245918
10,8,0,0.000344282,0.000355191
11,8,0,0.000727183,0.000739211
12,8,0,0.00318125,0.003193352
13,8,0,0.015256678,0.015268754
14,8,0,0.080704217,0.080715676
15,8,0,0.46016852,0.460177226
4,9,0,0.000203846,0.000211974
5,9,0,0.000233361,0.000241469
6,9,0,0.000232182,0.000240349
7,9,0,0.000240835,0.000249065
8,9,0,0.000238153,0.000246577
9,9,0,0.000265286,0.000273732
10,9,0,0.000349158,0.000357854
11,9,0,0.000750066,0.000758999
12,9,0,0.002447381,0.002456321
13,9,0,0.014521892,0.014530848
14,9,0,0.079626549,0.079635548
15,9,0,0.450843243,0.450851843
4,10,0,0.000216159,0.0002242
5,10,0,0.000230624,0.000238744
6,10,0,0.000237395,0.000245468
7,10,0,0.00024347,0.000251611
8,10,0,0.000244529,0.000252593
9,10,0,0.000246806,0.000254909
10,10,0,0.000385511,0.000397795
11,10,0,0.000743141,0.000755445
12,10,0,0.002293321,0.002305766
13,10,0,0.010827757,0.010840685
14,10,0,0.077796757,0.077808887
15,10,0,0.434570625,0.434578918
4,0,1,5.08e-07,8.883e-06
5,0,1,9.74e-07,9.239e-06
6,0,1,2.36e-06,1.0657e-05
7,0,1,8.459e-06,1.6728e-05
8,0,1,2.9272e-05,3.7579e-05
9,0,1,0.00011728,0.000125594
10,0,1,0.000492726,0.00050115
11,0,1,0.002345693,0.002354017
12,0,1,0.012104826,0.012113274
13,0,1,0.065374025,0.065382567
14,0,1,0.382654613,0.382662985
15,0,1,2.39229002,2.392298162
4,1,1,3.6589e-05,4.4777e-05
5,1,1,3.3444e-05,4.1559e-05
6,1,1,3.5257e-05,4.337e-05
7,1,1,5.4181e-05,6.2715e-05
8,1,1,6.3244e-05,7.132e-05
9,1,1,0.000153121,0.000161221
10,1,1,0.00053175,0.000539789
11,1,1,0.002397624,0.002406236
12,1,1,0.012263658,0.012271675
13,1,1,0.06547421,0.065482317
14,1,1,0.388078942,0.388090293
15,1,1,2.384383778,2.384391837
4,2,1,7.8498e-05,8.6718e-05
5,2,1,7.7104e-05,8.529e-05
6,2,1,8.1863e-05,8.9923e-05
7,2,1,0.000142945,0.000157213
8,2,1,0.00016374,0.000177354
9,2,1,0.000297976,0.000312676
10,2,1,0.000747112,0.000762903
11,2,1,0.002749969,0.002765011
12,2,1,0.012267194,0.012282016
13,2,1,0.057035119,0.057050737
14,2,1,0.212193037,0.212205059
15,2,1,1.209336618,1.209344751
4,3,1,9.8531e-05,0.000106704
5,3,1,0.00010004,0.000108143
6,3,1,0.000102719,0.000110832
7,3,1,0.000124342,0.000132578
8,3,1,0.000121228,0.000129479
9,3,1,0.000176653,0.000184952
10,3,1,0.000382267,0.00039085
11,3,1,0.001285573,0.001294207
12,3,1,0.005776851,0.005785518
13,3,1,0.030221771,0.030230623
14,3,1,0.148450411,0.148459237
15,3,1,0.865481933,0.865490112
4,4,1,0.000115482,0.000123753
5,4,1,0.000126038,0.000134358
6,4,1,0.000121705,0.000130013
7,4,1,0.000123403,0.000131674
8,4,1,0.000113865,0.000122073
9,4,1,0.000167844,0.00017625
10,4,1,0.000290788,0.000299342
11,4,1,0.00083023,0.000838771
12,4,1,0.004274141,0.004283008
13,4,1,0.021645349,0.021654459
14,4,1,0.11568037,0.115689683
15,4,1,0.679814349,0.679822639
4,5,1,0.000121725,0.000130029
5,5,1,0.000142621,0.000150675
6,5,1,0.000123987,0.000132126
7,5,1,0.000532777,0.000541061
8,5,1,0.000159054,0.00016724
9,5,1,0.000228178,0.000241952
10,5,1,0.000349859,0.000363623
11,5,1,0.000897321,0.000910381
12,5,1,0.003999803,0.004012903
13,5,1,0.018823829,0.01883605
14,5,1,0.110539996,0.110551206
15,5,1,0.619010691,0.619019035
4,6,1,0.00016252,0.00017309
5,6,1,0.000181763,0.000189866
6,6,1,0.000173198,0.000181307
7,6,1,0.000182028,0.000190065
8,6,1,0.000154949,0.000163047
9,6,1,0.000198431,0.000206564
10,6,1,0.000315401,0.000323623
11,6,1,0.000809682,0.000817864
12,6,1,0.003261197,0.003269788
13,6,1,0.015592731,0.0156013
14,6,1,0.08799376,0.088007276
15,6,1,0.480729459,0.480737911
4,7,1,0.000174064,0.000182546
5,7,1,0.000177963,0.000186465
6,7,1,0.000189627,0.000198145
7,7,1,0.00023607,0.000248537
8,7,1,0.000240169,0.000253174
9,7,1,0.000270361,0.000279371
10,7,1,0.001510127,0.001523729
11,7,1,0.000873344,0.000887355
12,7,1,0.003249307,0.0032627
13,7,1,0.015928898,0.015941502
14,7,1,0.082838968,0.082851059
15,7,1,0.465370188,0.465378663
4,8,1,0.000165572,0.000173617
5,8,1,0.000184063,0.000192183
6,8,1,0.00017917,0.000187305
7,8,1,0.000202561,0.00021067
8,8,1,0.000203598,0.000211624
9,8,1,0.000248246,0.000256438
10,8,1,0.000329295,0.000337597
11,8,1,0.000758358,0.000766561
12,8,1,0.003085623,0.003093876
13,8,1,0.015125632,0.015134435
14,8,1,0.080351822,0.08036072
15,8,1,0.466873982,0.466882374
4,9,1,0.000247976,0.000256211
5,9,1,0.000224725,0.000232962
6,9,1,0.000206337,0.0002146
7,9,1,0.000232427,0.000240776
8,9,1,0.000261505,0.000269856
9,9,1,0.000250515,0.000258826
10,9,1,0.000331228,0.00033966
11,9,1,0.000651063,0.000659879
12,9,1,0.002188292,0.002197206
13,9,1,0.014516579,0.014525393
14,9,1,0.079431663,0.079440828
15,9,1,0.453091382,0.453100709
4,10,1,0.00022186,0.000229931
5,10,1,0.000236823,0.000245174
6,10,1,0.000263247,0.000271842
7,10,1,0.000293662,0.000302417
8,10,1,0.000316491,0.000325614
9,10,1,0.000334304,0.000343453
10,10,1,0.000504041,0.000513306
11,10,1,0.000901763,0.000910864
12,10,1,0.003480077,0.003489217
13,10,1,0.015321724,0.015331064
14,10,1,0.075868127,0.075877199
15,10,1,0.413191018,0.41319984
4,0,2,5.28e-07,9.161e-06
5,0,2,1.029e-06,9.994e-06
6,0,2,2.456e-06,1.1068e-05
7,0,2,8.931e-06,1.7513e-05
8,0,2,3.2035e-05,4.103e-05
9,0,2,0.000124227,0.000132819
10,0,2,0.000524688,0.000533315
11,0,2,0.002521144,0.002529707
12,0,2,0.01284761,0.012856416
13,0,2,0.069818713,0.069827288
14,0,2,0.401721794,0.401730736
15,0,2,2.54231233,2.542320948
4,1,2,3.8235e-05,4.6873e-05
5,1,2,3.6007e-05,4.4598e-05
6,1,2,3.7772e-05,4.6242e-05
7,1,2,5.5242e-05,7.41e-05
8,1,2,6.6607e-05,7.5059e-05
9,1,2,0.000162991,0.00017157
10,1,2,0.000583177,0.00059176
11,1,2,0.002573852,0.002582456
12,1,2,0.012973179,0.012981697
13,1,2,0.069780754,0.069789392
14,1,2,0.406546006,0.406555101
15,1,2,2.580190434,2.580199006
4,2,2,6.4897e-05,7.3754e-05
5,2,2,9.6933e-05,0.000105766
6,2,2,8.647e-05,9.5055e-05
7,2,2,0.000106304,0.000114815
8,2,2,0.000110042,0.000118785
9,2,2,0.000155274,0.000163864
10,2,2,0.000390673,0.000399269
11,2,2,0.00149584,0.001504365
12,2,2,0.007235579,0.007244167
13,2,2,0.037078321,0.037092303
14,2,2,0.231363536,0.23137208
15,2,2,1.326079271,1.32608792
4,3,2,0.000110051,0.000118547
5,3,2,0.000152072,0.000160663
6,3,2,0.000127847,0.000136772
7,3,2,0.000125374,0.000133866
8,3,2,0.000135444,0.000144002
9,3,2,0.000170486,0.000179017
10,3,2,0.000358035,0.000366558
11,3,2,0.001119233,0.001127779
12,3,2,0.004793117,0.00480162
13,3,2,0.02781883,0.027827486
14,3,2,0.151244887,0.151253846
15,3,2,0.904825712,0.90483448
4,4,2,0.000151018,0.000160016
5,4,2,0.000125424,0.000134283
6,4,2,0.000156797,0.000165569
7,4,2,0.000151359,0.000159876
8,4,2,0.000141782,0.000150183
9,4,2,0.00017367,0.000182498
10,4,2,0.00030125,0.000309915
11,4,2,0.000861165,0.00086975
12,4,2,0.004333952,0.00434301
13,4,2,0.021858898,0.021867576
14,4,2,0.117327234,0.117335827
15,4,2,0.69980459,0.699813522
4,5,2,0.000142014,0.000150683
5,5,2,0.0001629,0.00017157
6,5,2,0.000171424,0.000179968
7,5,2,0.000197295,0.000205919
8,5,2,0.00017264,0.000181513
9,5,2,0.00020554,0.000214153
10,5,2,0.00031389,0.000322649
11,5,2,0.000875448,0.000884252
12,5,2,0.003315031,0.003323668
13,5,2,0.016338104,0.016346789
14,5,2,0.110628333,0.110637527
15,5,2,0.657814525,0.657833717
4,6,2,0.000209419,0.00021898
5,6,2,0.000171482,0.000180024
6,6,2,0.000173872,0.000182553
7,6,2,0.000190409,0.000198946
8,6,2,0.000205604,0.000214239
9,6,2,0.000209708,0.000218326
10,6,2,0.000329756,0.000338378
11,6,2,0.000838895,0.000847499
12,6,2,0.003279042,0.003287653
13,6,2,0.015808075,0.015816785
14,6,2,0.083222437,0.083231391
15,6,2,0.492144453,0.492164876
4,7,2,0.000172561,0.000181172
5,7,2,0.000191165,0.000199744
6,7,2,0.000191202,0.00019987
7,7,2,0.000201867,0.000210374
8,7,2,0.000212915,0.000221405
9,7,2,0.000236764,0.000245299
10,7,2,0.000304315,0.000313432
11,7,2,0.000828557,0.000837049
12,7,2,0.003199591,0.003208192
13,7,2,0.015555806,0.015564476
14,7,2,0.082389606,0.082398129
15,7,2,0.472954144,0.472973369
4,8,2,0.000205098,0.000213614
5,8,2,0.000203875,0.000212387
6,8,2,0.000192351,0.000201502
7,8,2,0.00024376,0.000252506
8,8,2,0.000241036,0.000259802
9,8,2,0.000243086,0.000251867
10,8,2,0.000319796,0.000328301
11,8,2,0.000643106,0.000651577
12,8,2,0.00310808,0.003116672
13,8,2,0.015183345,0.015191968
14,8,2,0.081960085,0.081968925
15,8,2,0.465793188,0.465801816
4,9,2,0.000210184,0.000218784
5,9,2,0.000221873,0.000230389
6,9,2,0.000222101,0.000230973
7,9,2,0.000245676,0.000254288
8,9,2,0.000246495,0.000255128
9,9,2,0.000281581,0.000290129
10,9,2,0.0003311,0.000339608
11,9,2,0.000626467,0.000635043
12,9,2,0.002176395,0.002184963
13,9,2,0.014572201,0.014580682
14,9,2,0.080530122,0.080538729
15,9,2,0.458760571,0.458769078
4,10,2,0.000222559,0.000231122
5,10,2,0.00025381,0.000262431
6,10,2,0.000245922,0.000254379
7,10,2,0.000261401,0.000269925
8,10,2,0.000268182,0.000276757
9,10,2,0.000636658,0.000645589
10,10,2,0.000349817,0.0003584
11,10,2,0.000665493,0.000674064
12,10,2,0.002044805,0.002053487
13,10,2,0.00954466,0.009553278
14,10,2,0.085817549,0.085826217
15,10,2,0.436370884,0.43639117
4,0,3,6.14e-07,9.344e-06
5,0,3,1.053e-06,9.88e-06
6,0,3,2.425e-06,1.0991e-05
7,0,3,8.934e-06,1.7599e-05
8,0,3,3.1364e-05,3.9926e-05
9,0,3,0.000125039,0.000133598
10,0,3,0.000552746,0.000561671
11,0,3,0.002545992,0.002554519
12,0,3,0.012847962,0.012856604
13,0,3,0.069470675,0.069479355
14,0,3,0.405937913,0.405946596
15,0,3,2.473799953,2.473808632
4,1,3,3.7105e-05,4.5218e-05
5,1,3,3.3686e-05,4.1712e-05
6,1,3,4.6572e-05,5.508e-05
7,1,3,4.1962e-05,5.0027e-05
8,1,3,6.3226e-05,7.1352e-05
9,1,3,0.000176859,0.000184927
10,1,3,0.000554777,0.000563561
11,1,3,0.002411576,0.002419677
12,1,3,0.012270734,0.012278844
13,1,3,0.065791569,0.06579961
14,1,3,0.382028265,0.382036334
15,1,3,2.44971743,2.449725491
4,2,3,8.5855e-05,9.4182e-05
5,2,3,8.7559e-05,9.6033e-05
6,2,3,7.8793e-05,8.7289e-05
7,2,3,9.3448e-05,0.000102158
8,2,3,0.000113621,0.000122743
9,2,3,0.000181226,0.00019071
10,2,3,0.000396107,0.000406127
11,2,3,0.00153935,0.001549073
12,2,3,0.007207618,0.007217139
13,2,3,0.034095771,0.034105375
14,2,3,0.206474232,0.206483386
15,2,3,1.313336968,1.313345507
4,3,3,0.000109099,0.00011761
5,3,3,0.000109193,0.000117622
6,3,3,0.00011154,0.000119962
7,3,3,0.000114654,0.000123183
8,3,3,0.000127307,0.000135789
9,3,3,0.000174193,0.000182615
10,3,3,0.00040494,0.000413356
11,3,3,0.001276853,0.001285324
12,3,3,0.005894373,0.005902842
13,3,3,0.030298275,0.030306727
14,3,3,0.153334789,0.153343279
15,3,3,0.892565269,0.892573735
4,4,3,0.000126835,0.000135421
5,4,3,0.000136742,0.000145822
6,4,3,0.000128387,0.000136878
7,4,3,0.000128524,0.000136904
8,4,3,0.000137726,0.000146293
9,4,3,0.000171599,0.000180086
10,4,3,0.000294312,0.000302775
11,4,3,0.000854284,0.000862747
12,4,3,0.004413958,0.004422461
13,4,3,0.022089985,0.022098387
14,4,3,0.118859889,0.118868364
15,4,3,0.703131074,0.703139527
4,5,3,0.000141803,0.000150315
5,5,3,0.000158533,0.000166958
6,5,3,0.000158676,0.000167139
7,5,3,0.000162184,0.000170902
8,5,3,0.000158063,0.000166438
9,5,3,0.000189987,0.000198488
10,5,3,0.000325582,0.000334002
11,5,3,0.000878337,0.000886758
12,5,3,0.003263505,0.003271935
13,5,3,0.016275968,0.016284434
14,5,3,0.110688769,0.110697181
15,5,3,0.642377308,0.642385791
4,6,3,0.000177915,0.000186475
5,6,3,0.000164634,0.000173123
6,6,3,0.00017493,0.000183398
7,6,3,0.000174573,0.000182996
8,6,3,0.000182874,0.000191363
9,6,3,0.000203094,0.000211437
10,6,3,0.000338675,0.00034708
11,6,3,0.000848807,0.000857243
12,6,3,0.003264594,0.003273062
13,6,3,0.015759378,0.015767807
14,6,3,0.083686397,0.083694876
15,6,3,0.495226587,0.49523504
4,7,3,0.00016462,0.000173095
5,7,3,0.000177306,0.000185812
6,7,3,0.00019615,0.000204599
7,7,3,0.000197068,0.000205591
8,7,3,0.000198983,0.000207475
9,7,3,0.0002349,0.000243306
10,7,3,0.000289724,0.000298245
11,7,3,0.000831719,0.000840203
12,7,3,0.003206274,0.003214799
13,7,3,0.0154712,0.015479703
14,7,3,0.082188911,0.082197335
15,7,3,0.471288473,0.471296952
4,8,3,0.000192405,0.000200832
5,8,3,0.000212013,0.000220496
6,8,3,0.000215435,0.000224004
7,8,3,0.000222039,0.000230468
8,8,3,0.000230142,0.000238593
9,8,3,0.000236624,0.000245071
10,8,3,0.000312051,0.000320553
11,8,3,0.000665066,0.000673601
12,8,3,0.003116365,0.0031249
13,8,3,0.015220569,0.0152298
14,8,3,0.082350829,0.082359362
15,8,3,0.467221102,0.467229592
4,9,3,0.000212767,0.000221248
5,9,3,0.000237475,0.00024588
6,9,3,0.000230131,0.000238561
7,9,3,0.000229627,0.000238057
8,9,3,0.000240148,0.000248584
9,9,3,0.000275098,0.000283625
10,9,3,0.000324206,0.00033265
11,9,3,0.000639426,0.000647853
12,9,3,0.002171719,0.002180239
13,9,3,0.015254194,0.015262684
14,9,3,0.080592944,0.080601487
15,9,3,0.459889827,0.45989825
4,10,3,0.000223185,0.000231614
5,10,3,0.000227635,0.000236076
6,10,3,0.00023755,0.000246032
7,10,3,0.000270368,0.00027872
8,10,3,0.000255449,0.000263871
9,10,3,0.000288993,0.000297427
10,10,3,0.000348036,0.000356522
11,10,3,0.000650653,0.000658998
12,10,3,0.002087198,0.002095684
13,10,3,0.009533443,0.009541887
14,10,3,0.075436439,0.075444905
15,10,3,0.442607097,0.442615578
4,0,4,4.89e-07,9.058e-06
5,0,4,1.003e-06,9.472e-06
6,0,4,2.381e-06,1.084e-05
7,0,4,8.226e-06,1.6752e-05
8,0,4,2.9256e-05,3.7728e-05
9,0,4,0.000117028,0.000125575
10,0,4,0.000498535,0.000507194
11,0,4,0.00231026,0.002318738
12,0,4,0.012220462,0.012228971
13,0,4,0.065553205,0.065561622
14,0,4,0.382454115,0.382462614
15,0,4,2.400631925,2.400640347
4,1,4,3.7984e-05,4.6591e-05
5,1,4,3.4312e-05,4.278e-05
6,1,4,3.5775e-05,4.4179e-05
7,1,4,4.2753e-05,5.1262e-05
8,1,4,6.4285e-05,7.2753e-05
9,1,4,0.000152934,0.000161429
10,1,4,0.000535965,0.000544453
11,1,4,0.002454388,0.002462758
12,1,4,0.012288752,0.012297259
13,1,4,0.06589867,0.065907058
14,1,4,0.381711772,0.381720189
15,1,4,2.417379169,2.417387579
4,2,4,8.2209e-05,9.0916e-05
5,2,4,8.0772e-05,8.9234e-05
6,2,4,8.3946e-05,9.2346e-05
7,2,4,8.8275e-05,0.000107115
8,2,4,0.000102307,0.000110763
9,2,4,0.000152554,0.000161016
10,2,4,0.000373949,0.00038246
11,2,4,0.001360555,0.001369097
12,2,4,0.007009629,0.007018115
13,2,4,0.035905184,0.035913608
14,2,4,0.215915967,0.215924384
15,2,4,1.312405673,1.312414114
4,3,4,0.000101192,0.000109668
5,3,4,0.000118032,0.00012641
6,3,4,0.000103902,0.000112323
7,3,4,0.000109031,0.000117496
8,3,4,0.000117391,0.00012611
9,3,4,0.000151764,0.000160297
10,3,4,0.000325726,0.00033413
11,3,4,0.001078343,0.001086725
12,3,4,0.004750266,0.004758771
13,3,4,0.027978451,0.027986904
14,3,4,0.151485152,0.151493642
15,3,4,0.892070877,0.89207903
4,4,4,0.000133716,0.000142876
5,4,4,0.000122731,0.000131189
6,4,4,0.000144509,0.000153401
7,4,4,0.000127855,0.00013686
8,4,4,0.000137893,0.000146276
9,4,4,0.000172131,0.000180564
10,4,4,0.000305288,0.00031374
11,4,4,0.000894132,0.000902594
12,4,4,0.004461854,0.004470248
13,4,4,0.023245161,0.023253616
14,4,4,0.118636352,0.118644779
15,4,4,0.701528427,0.70153688
4,5,4,0.000146646,0.000155108
5,5,4,0.000151256,0.000159764
6,5,4,0.000171882,0.000180325
7,5,4,0.000165954,0.000174505
8,5,4,0.000182638,0.000191042
9,5,4,0.000194875,0.000203292
10,5,4,0.000339454,0.000348005
11,5,4,0.000829233,0.000837709
12,5,4,0.003252807,0.003261358
13,5,4,0.016280894,0.016289351
14,5,4,0.110833539,0.110841981
15,5,4,0.644577421,0.644585884
4,6,4,0.000162841,0.000171277
5,6,4,0.000174615,0.000183186
6,6,4,0.000172049,0.000186854
7,6,4,0.000194684,0.000203097
8,6,4,0.000181132,0.000189629
9,6,4,0.000213737,0.000222173
10,6,4,0.000332351,0.00034078
11,6,4,0.00085438,0.000862789
12,6,4,0.003307026,0.003315495
13,6,4,0.01568754,0.015696015
14,6,4,0.092792513,0.092801048
15,6,4,0.494420072,0.494428633
4,7,4,0.000185232,0.000193662
5,7,4,0.000181936,0.00019036
6,7,4,0.000196597,0.000205122
7,7,4,0.000202262,0.000210744
8,7,4,0.000189983,0.000198507
9,7,4,0.000215864,0.000224323
10,7,4,0.000298996,0.000307457
11,7,4,0.000823289,0.000831844
12,7,4,0.003163403,0.003171898
13,7,4,0.01550772,0.015516199
14,7,4,0.082114454,0.082123076
15,7,4,0.470471622,0.470480137
4,8,4,0.000205179,0.000213308
5,8,4,0.00022521,0.000233722
6,8,4,0.000211202,0.000219742
7,8,4,0.000213108,0.000221479
8,8,4,0.000221067,0.000229564
9,8,4,0.000243019,0.000251565
10,8,4,0.000315064,0.000323559
11,8,4,0.000646219,0.000654649
12,8,4,0.003086573,0.003095057
13,8,4,0.015274091,0.015282538
14,8,4,0.082490434,0.08249891
15,8,4,0.477055501,0.47706399
4,9,4,0.000235316,0.000243611
5,9,4,0.000243393,0.000251873
6,9,4,0.000218857,0.00022729
7,9,4,0.00025206,0.000260525
8,9,4,0.000249086,0.000257495
9,9,4,0.000262239,0.000270678
10,9,4,0.000353361,0.000361804
11,9,4,0.000623731,0.000632194
12,9,4,0.00249623,0.002506469
13,9,4,0.014586571,0.014595159
14,9,4,0.08089835,0.080906765
15,9,4,0.459255667,0.459264219
4,10,4,0.000238057,0.000246647
5,10,4,0.000232607,0.000241182
6,10,4,0.000256073,0.000264527
7,10,4,0.000266719,0.000275162
8,10,4,0.000274945,0.000283367
9,10,4,0.000277533,0.000285965
10,10,4,0.000348045,0.000356503
11,10,4,0.000641749,0.000650239
12,10,4,0.002279246,0.002287667
13,10,4,0.00956439,0.009572897
14,10,4,0.075331775,0.075340256
15,10,4,0.430000459,0.430008918
4,0,5,5.03e-07,9.018e-06
5,0,5,1.029e-06,9.441e-06
6,0,5,2.488e-06,1.145e-05
7,0,5,8.83e-06,1.7699e-05
8,0,5,2.9452e-05,3.7979e-05
9,0,5,0.000116916,0.000125375
10,0,5,0.000507822,0.000517151
11,0,5,0.002339501,0.002348038
12,0,5,0.012124741,0.012133235
13,0,5,0.065512307,0.06552077
14,0,5,0.381458979,0.381467434
15,0,5,2.40476641,2.404774953
4,1,5,3.7211e-05,4.5753e-05
5,1,5,3.451e-05,4.2972e-05
6,1,5,3.9436e-05,4.8364e-05
7,1,5,5.9929e-05,6.8523e-05
8,1,5,6.7733e-05,7.6642e-05
9,1,5,0.000154539,0.000162995
10,1,5,0.000575837,0.000584291
11,1,5,0.002526354,0.002535273
12,1,5,0.01288173,0.012890634
13,1,5,0.067384057,0.067403115
14,1,5,0.405147646,0.405156753
15,1,5,2.517263749,2.517272223
4,2,5,8.6588e-05,9.536e-05
5,2,5,8.3871e-05,9.2352e-05
6,2,5,9.7526e-05,0.000106477
7,2,5,9.1017e-05,9.9625e-05
8,2,5,0.000104189,0.000112635
9,2,5,0.000157279,0.000165744
10,2,5,0.000399989,0.00040882
11,2,5,0.0014802,0.001511603
12,2,5,0.007292648,0.007301114
13,2,5,0.036966849,0.036975349
14,2,5,0.222674124,0.222682958
15,2,5,1.309039261,1.309047829
4,3,5,0.000104667,0.000113384
5,3,5,0.000118507,0.000127994
6,3,5,0.000103742,0.000111874
7,3,5,0.000143358,0.000155079
8,3,5,0.000132269,0.000141371
9,3,5,0.00017832,0.000187391
10,3,5,0.000367766,0.000376827
11,3,5,0.001143465,0.001152514
12,3,5,0.00498832,0.004997429
13,3,5,0.029407352,0.029416438
14,3,5,0.159116598,0.159125654
15,3,5,0.935959412,0.935968494
4,4,5,0.000130922,0.000139994
5,4,5,0.000138082,0.000146994
6,4,5,0.000145592,0.000154737
7,4,5,0.000148439,0.000157647
8,4,5,0.00018132,0.000190834
9,4,5,0.000192305,0.00020108
10,4,5,0.00031313,0.000321998
11,4,5,0.000913293,0.00092235
12,4,5,0.004617232,0.004626317
13,4,5,0.023225653,0.02323474
14,4,5,0.125521151,0.125530281
15,4,5,0.730187776,0.73019681
4,5,5,0.000172065,0.000181759
5,5,5,0.000157144,0.000166087
6,5,5,0.000158171,0.000166946
7,5,5,0.000131377,0.000141156
8,5,5,0.000165722,0.000174834
9,5,5,0.000200191,0.000209312
10,5,5,0.000329536,0.000338615
11,5,5,0.000872772,0.00088177
12,5,5,0.003452878,0.003461996
13,5,5,0.017267245,0.017276307
14,5,5,0.118193645,0.118203099
15,5,5,0.676462992,0.676472784
4,6,5,0.000172967,0.000181655
5,6,5,0.00016663,0.000175569
6,6,5,0.000187669,0.000196492
7,6,5,0.00016791,0.000176689
8,6,5,0.000182442,0.000191203
9,6,5,0.000213093,0.000221798
10,6,5,0.000314427,0.000324204
11,6,5,0.000858707,0.000867452
12,6,5,0.003383113,0.00339189
13,6,5,0.01586866,0.015877193
14,6,5,0.086053138,0.086062049
15,6,5,0.508746824,0.50875589
4,7,5,0.000188515,0.000197402
5,7,5,0.000194874,0.000203717
6,7,5,0.000206415,0.000228383
7,7,5,0.000215753,0.00022483
8,7,5,0.000224186,0.000232923
9,7,5,0.000247906,0.000256699
10,7,5,0.000312753,0.000321566
11,7,5,0.000854699,0.000863557
12,7,5,0.003305117,0.003313963
13,7,5,0.015897808,0.015906676
14,7,5,0.085185602,0.085194417
15,7,5,0.481554371,0.481563285
4,8,5,0.000198881,0.000207664
5,8,5,0.000208572,0.000217511
6,8,5,0.000233699,0.000242254
7,8,5,0.000224393,0.000233347
8,8,5,0.000262238,0.000270851
9,8,5,0.000246296,0.000255182
10,8,5,0.000323493,0.000332334
11,8,5,0.000655093,0.000663965
12,8,5,0.003157073,0.003165952
13,8,5,0.015321436,0.015330255
14,8,5,0.083259095,0.08326798
15,8,5,0.476504581,0.476513477
4,9,5,0.000236294,0.000245338
5,9,5,0.000211795,0.000221192
6,9,5,0.000216219,0.000225114
7,9,5,0.000231566,0.000247075
8,9,5,0.000238053,0.000246832
9,9,5,0.000630788,0.000639659
10,9,5,0.000327554,0.000336428
11,9,5,0.00065645,0.000665262
12,9,5,0.002202303,0.002211167
13,9,5,0.01456838,0.014577221
14,9,5,0.080814473,0.080823375
15,9,5,0.465457638,0.465466448
4,10,5,0.010946562,0.010955693
5,10,5,0.015448259,0.015457165
6,10,5,0.018652867,0.018661643
7,10,5,0.000636419,0.000645382
8,10,5,0.000274459,0.00028326
9,10,5,0.00025763,0.000267039
10,10,5,0.000366596,0.000375715
11,10,5,0.000663971,0.000673024
12,10,5,0.002058488,0.00206732
13,10,5,0.011078863,0.011087662
14,10,5,0.075649027,0.075658024
15,10,5,0.470048524,0.470057706
4,0,6,5.36e-07,9.67e-06
5,0,6,1.129e-06,1.0228e-05
6,0,6,2.637e-06,1.1703e-05
7,0,6,9.442e-06,1.845e-05
8,0,6,3.3e-05,4.211e-05
9,0,6,0.000131313,0.000140461
10,0,6,0.000559185,0.00056833
11,0,6,0.002603449,0.002618174
12,0,6,0.013509567,0.01351873
13,0,6,0.073842447,0.073851581
14,0,6,0.43247872,0.432487959
15,0,6,2.65571242,2.655721559
4,1,6,3.81e-05,4.687e-05
5,1,6,4.0115e-05,4.9439e-05
6,1,6,4.1715e-05,5.1104e-05
7,1,6,4.8729e-05,5.8132e-05
8,1,6,7.4588e-05,8.3854e-05
9,1,6,0.00017873,0.000188171
10,1,6,0.000624516,0.000633887
11,1,6,0.002763723,0.0027731
12,1,6,0.013970185,0.013979536
13,1,6,0.076763345,0.076772666
14,1,6,0.417927646,0.417936482
15,1,6,2.676928178,2.676936956
4,2,6,9.358e-05,0.000102629
5,2,6,0.00010945,0.000118349
6,2,6,0.000109887,0.000119332
7,2,6,9.8701e-05,0.000107589
8,2,6,0.000106743,0.000115215
9,2,6,0.000156689,0.000165232
10,2,6,0.000385628,0.000394518
11,2,6,0.00143886,0.001448118
12,2,6,0.007378035,0.007386993
13,2,6,0.037819149,0.037828204
14,2,6,0.230615182,0.230623987
15,2,6,1.369446736,1.369455513
4,3,6,0.000120284,0.000129043
5,3,6,0.000121328,0.000130091
6,3,6,0.000127843,0.000136615
7,3,6,9.2386e-05,0.000101281
8,3,6,0.000118556,0.000127086
9,3,6,0.000158483,0.000167132
10,3,6,0.000335022,0.000343595
11,3,6,0.001111638,0.001120214
12,3,6,0.004938421,0.0049471
13,3,6,0.028737861,0.028746571
14,3,6,0.155830155,0.155838854
15,3,6,0.940042393,0.940051302
4,4,6,0.000148626,0.000157751
5,4,6,0.000144502,0.00015351
6,4,6,0.000159385,0.000168408
7,4,6,0.00016071,0.000169728
8,4,6,0.000141804,0.000150343
9,4,6,0.000180579,0.000189129
10,4,6,0.000330725,0.000339885
11,4,6,0.000897644,0.000906121
12,4,6,0.004417182,0.004425684
13,4,6,0.021946814,0.021955398
14,4,6,0.119233335,0.119241873
15,4,6,0.724262765,0.724271402
4,5,6,0.00015716,0.000166024
5,5,6,0.000147528,0.000156344
6,5,6,0.000151673,0.000160556
7,5,6,0.000167406,0.000176198
8,5,6,0.000192106,0.000200948
9,5,6,0.000209012,0.000217907
10,5,6,0.000330295,0.000339124
11,5,6,0.000892766,0.000901522
12,5,6,0.003456554,0.003465411
13,5,6,0.017255922,0.017264741
14,5,6,0.114766896,0.114775733
15,5,6,0.669970661,0.669980093
4,6,6,0.000153782,0.000163547
5,6,6,0.000181029,0.00019034
6,6,6,0.000179491,0.000188815
7,6,6,0.000204981,0.000214405
8,6,6,0.000198756,0.000208041
9,6,6,0.000216342,0.000225741
10,6,6,0.000347033,0.000356392
11,6,6,0.000872046,0.00088144
12,6,6,0.003428785,0.003438887
13,6,6,0.015893426,0.015901995
14,6,6,0.08500924,0.085017817
15,6,6,0.510612044,0.510621427
4,7,6,0.000165807,0.00017482
5,7,6,0.000215879,0.000224717
6,7,6,0.000190955,0.000200058
7,7,6,0.00021313,0.000221939
8,7,6,0.00021252,0.000221278
9,7,6,0.000243675,0.000252491
10,7,6,0.000294611,0.000303692
11,7,6,0.000858229,0.000867159
12,7,6,0.003282035,0.003290977
13,7,6,0.015716717,0.015725331
14,7,6,0.084837109,0.08484605
15,7,6,0.488573101,0.488581895
4,8,6,0.000191988,0.000200549
5,8,6,0.00021907,0.000227595
6,8,6,0.000208505,0.000217043
7,8,6,0.000217651,0.000226175
8,8,6,0.000215153,0.000223982
9,8,6,0.000244614,0.000253278
10,8,6,0.00032466,0.000333258
11,8,6,0.000641648,0.000650221
12,8,6,0.003127227,0.003136105
13,8,6,0.01537803,0.015386884
14,8,6,0.083263883,0.083272503
15,8,6,0.469940178,0.469948785
4,9,6,0.000232115,0.000240678
5,9,6,0.000230085,0.000238922
6,9,6,0.000224187,0.000233162
7,9,6,0.000218034,0.000226538
8,9,6,0.000249997,0.000258973
9,9,6,0.00024953,0.000258102
10,9,6,0.000334317,0.000342969
11,9,6,0.000589958,0.000599591
12,9,6,0.002208055,0.002216875
13,9,6,0.014602975,0.01461172
14,9,6,0.080711603,0.080720519
15,9,6,0.463507082,0.463516054
4,10,6,0.011916313,0.011924857
5,10,6,0.015480568,0.015489101
6,10,6,0.017055587,0.017064221
7,10,6,0.021684385,0.021693233
8,10,6,0.022013138,0.022021792
9,10,6,0.025758977,0.025767674
10,10,6,0.03025088,0.030259414
11,10,6,0.033004922,0.033020236
12,10,6,0.037694817,0.037703451
13,10,6,0.046962841,0.046971704
14,10,6,0.101815743,0.101824365
15,10,6,0.467645266,0.467653848
4,0,7,5.42e-07,9.056e-06
5,0,7,9.72e-07,9.414e-06
6,0,7,2.387e-06,1.0889e-05
7,0,7,8.402e-06,1.6931e-05
8,0,7,2.9639e-05,3.8205e-05
9,0,7,0.000116628,0.000125135
10,0,7,0.00049535,0.000503957
11,0,7,0.002301872,0.002310326
12,0,7,0.012033721,0.012041859
13,0,7,0.065350197,0.065358272
14,0,7,0.384053472,0.384063193
15,0,7,2.555893923,2.55590205
4,1,7,3.8818e-05,4.7938e-05
5,1,7,3.8091e-05,4.7116e-05
6,1,7,3.9881e-05,4.8895e-05
7,1,7,4.7296e-05,5.6285e-05
8,1,7,7.156e-05,8.0631e-05
9,1,7,0.00017231,0.000181366
10,1,7,0.00060576,0.000614816
11,1,7,0.002399518,0.002407667
12,1,7,0.012095454,0.012103468
13,1,7,0.065582057,0.065591203
14,1,7,0.386178517,0.386186557
15,1,7,2.646601686,2.646609757
4,2,7,9.2342e-05,0.000101378
5,2,7,8.8601e-05,9.7416e-05
6,2,7,8.9522e-05,9.8322e-05
7,2,7,9.1851e-05,0.000100618
8,2,7,0.000107749,0.000116607
9,2,7,0.000161109,0.00016985
10,2,7,0.000397239,0.000406145
11,2,7,0.00144506,0.001453922
12,2,7,0.007407593,0.007416517
13,2,7,0.037109555,0.037118435
14,2,7,0.223386624,0.223395449
15,2,7,1.36005086,1.360059496
4,3,7,0.000125161,0.000134144
5,3,7,0.000132957,0.000141714
6,3,7,0.000131223,0.000154173
7,3,7,0.000133572,0.000142352
8,3,7,0.000141186,0.000149984
9,3,7,0.000185932,0.000194689
10,3,7,0.00035902,0.000367814
11,3,7,0.001107415,0.001116171
12,3,7,0.004920065,0.004928856
13,3,7,0.028806842,0.028815718
14,3,7,0.156204705,0.156213468
15,3,7,0.91729234,0.917301149
4,4,7,0.000126975,0.000135481
5,4,7,0.000128846,0.000137491
6,4,7,0.000127572,0.000136003
7,4,7,0.000134388,0.000143007
8,4,7,0.000156401,0.000164901
9,4,7,0.000180102,0.000188611
10,4,7,0.000344075,0.000353148
11,4,7,0.000915683,0.000935519
12,4,7,0.004520138,0.004529213
13,4,7,0.022057096,0.022065626
14,4,7,0.120963927,0.12097311
15,4,7,0.728163427,0.728182268
4,5,7,0.000167565,0.00017637
5,5,7,0.00014596,0.000154725
6,5,7,0.000150158,0.00015899
7,5,7,0.000158293,0.000167027
8,5,7,0.000170927,0.000179826
9,5,7,0.000199403,0.000208193
10,5,7,0.000336632,0.000345383
11,5,7,0.000843221,0.000851833
12,5,7,0.003327618,0.003336307
13,5,7,0.016723632,0.016732143
14,5,7,0.114469105,0.114477701
15,5,7,0.681853661,0.681862414
4,6,7,0.000167436,0.000176305
5,6,7,0.000166834,0.000175665
6,6,7,0.000178284,0.000187055
7,6,7,0.000188232,0.000197081
8,6,7,0.000178689,0.000187404
9,6,7,0.000207609,0.000216415
10,6,7,0.000330107,0.000338957
11,6,7,0.000870199,0.000879101
12,6,7,0.003447891,0.003456659
13,6,7,0.015815399,0.015824118
14,6,7,0.084488714,0.08449791
15,6,7,0.499621547,0.499630134
4,7,7,0.000169143,0.000177685
5,7,7,0.000195787,0.000204513
6,7,7,0.000173935,0.000182738
7,7,7,0.020626683,0.020636044
8,7,7,0.00019015,0.000198685
9,7,7,0.00024306,0.00025216
10,7,7,0.029404904,0.029414289
11,7,7,0.032945999,0.032955568
12,7,7,0.037670995,0.037680556
13,7,7,0.047361811,0.047371518
14,7,7,0.094938152,0.094947557
15,7,7,0.481059644,0.481068358
4,8,7,0.000226105,0.00023484
5,8,7,0.000210062,0.000218885
6,8,7,0.000206218,0.000214963
7,8,7,0.000238776,0.000247351
8,8,7,0.000233289,0.000241871
9,8,7,0.000242012,0.000250849
10,8,7,0.000320193,0.000329343
11,8,7,0.000658817,0.000667649
12,8,7,0.003143925,0.003152391
13,8,7,0.015364525,0.015373122
14,8,7,0.083320408,0.083329322
15,8,7,0.477280449,0.477289273
4,9,7,0.000205413,0.00021417
5,9,7,0.000208616,0.000217373
6,9,7,0.000222248,0.000231057
7,9,7,0.000232509,0.000241298
8,9,7,0.000252018,0.000260755
9,9,7,0.000264448,0.000273242
10,9,7,0.000347961,0.000356977
11,9,7,0.000620862,0.000629661
12,9,7,0.002165064,0.002173799
13,9,7,0.014587735,0.014596493
14,9,7,0.080865092,0.080873999
15,9,7,0.462788249,0.46279741
4,10,7,0.000228776,0.000237469
5,10,7,0.000551447,0.000560426
6,10,7,0.000237099,0.000245638
7,10,7,0.000254955,0.000263685
8,10,7,0.000282718,0.000291255
9,10,7,0.027976413,0.027985303
10,10,7,0.000350692,0.000359372
11,10,7,0.000632219,0.000641121
12,10,7,0.038716415,0.038746316
13,10,7,0.046460906,0.046470126
14,10,7,0.092303938,0.092312858
15,10,7,0.466088358,0.466096982
4,0,8,5.72e-07,9.566e-06
5,0,8,1.098e-06,9.953e-06
6,0,8,2.566e-06,1.1387e-05
7,0,8,9.121e-06,1.7878e-05
8,0,8,3.3296e-05,4.3065e-05
9,0,8,0.000128317,0.000137279
10,0,8,0.000577222,0.000586048
11,0,8,0.002597043,0.002605817
12,0,8,0.013284209,0.013299653
13,0,8,0.071552468,0.071561696
14,0,8,0.420133586,0.420142469
15,0,8,2.63418851,2.634197777
4,1,8,3.7456e-05,4.6007e-05
5,1,8,3.5337e-05,4.3961e-05
6,1,8,3.7577e-05,4.6173e-05
7,1,8,5.586e-05,6.4385e-05
8,1,8,6.6695e-05,7.531e-05
9,1,8,0.000162021,0.000170484
10,1,8,0.000581622,0.000590436
11,1,8,0.002703624,0.002712741
12,1,8,0.012868531,0.012877052
13,1,8,0.069761614,0.069770242
14,1,8,0.433078348,0.433087502
15,1,8,2.632875393,2.632884436
4,2,8,6.9881e-05,7.9382e-05
5,2,8,0.000113525,0.000122572
6,2,8,0.000132772,0.000142788
7,2,8,0.000131626,0.000140812
8,2,8,0.000132578,0.000141769
9,2,8,0.000200986,0.000210614
10,2,8,0.000435732,0.000444893
11,2,8,0.001512053,0.001521282
12,2,8,0.007429933,0.007439118
13,2,8,0.03810068,0.038110238
14,2,8,0.230257337,0.230267028
15,2,8,1.363460941,1.363470046
4,3,8,8.9309e-05,9.8875e-05
5,3,8,8.7702e-05,9.668e-05
6,3,8,9.1078e-05,0.000100123
7,3,8,9.4128e-05,0.00010315
8,3,8,0.000470208,0.00047903
9,3,8,0.000161296,0.00017017
10,3,8,0.000347728,0.000356918
11,3,8,0.001153499,0.00116239
12,3,8,0.005011764,0.005020676
13,3,8,0.02980475,0.029813859
14,3,8,0.161716391,0.161725756
15,3,8,0.956451805,0.956461007
4,4,8,0.000139684,0.000148639
5,4,8,0.000142285,0.000151071
6,4,8,0.000133889,0.000142662
7,4,8,0.00014108,0.000150117
8,4,8,0.000163062,0.000171869
9,4,8,0.000202027,0.000210854
10,4,8,0.000315851,0.000324578
11,4,8,0.000903943,0.000912842
12,4,8,0.0045587,0.004567505
13,4,8,0.022907962,0.022916774
14,4,8,0.123410455,0.123419276
15,4,8,0.722530669,0.722539618
4,5,8,0.000154756,0.00016325
5,5,8,0.000155322,0.000164044
6,5,8,0.000166878,0.000176388
7,5,8,0.000166497,0.000175781
8,5,8,0.000179674,0.0001888
9,5,8,0.000233587,0.00024294
10,5,8,0.000337956,0.000347164
11,5,8,0.000879006,0.000888475
12,5,8,0.003482357,0.003491412
13,5,8,0.017245235,0.017254687
14,5,8,0.117972161,0.117981325
15,5,8,0.689773015,0.689782203
4,6,8,0.000174179,0.000182885
5,6,8,0.000171952,0.000180456
6,6,8,0.000175635,0.00018415
7,6,8,0.000176771,0.000185259
8,6,8,0.000334071,0.000343784
9,6,8,0.000224361,0.000232914
10,6,8,0.000354031,0.000362942
11,6,8,0.000877098,0.000885627
12,6,8,0.00414106,0.004149656
13,6,8,0.016207312,0.016216652
14,6,8,0.086439265,0.086447786
15,6,8,0.513827381,0.513835985
4,7,8,0.012415273,0.012424679
5,7,8,0.014999902,0.015008958
6,7,8,0.00020632,0.000214926
7,7,8,0.000210097,0.00021863
8,7,8,0.000217721,0.000226185
9,7,8,0.000235073,0.000243622
10,7,8,0.000296397,0.000304976
11,7,8,0.000848681,0.00085729
12,7,8,0.003285831,0.003294703
13,7,8,0.017706037,0.01771577
14,7,8,0.086489653,0.086498611
15,7,8,0.552211868,0.552220518
4,8,8,0.012624861,0.0126347
5,8,8,0.015663773,0.01567329
6,8,8,0.018810864,0.018820252
7,8,8,0.02194193,0.021951384
8,8,8,0.025097297,0.025106656
9,8,8,0.028326195,0.028336018
10,8,8,0.000333632,0.000342151
11,8,8,0.000655346,0.000673956
12,8,8,0.003475804,0.003484305
13,8,8,0.015384939,0.015393831
14,8,8,0.083217855,0.083226418
15,8,8,0.479665247,0.479673783
4,9,8,0.000221003,0.000229611
5,9,8,0.001667577,0.001677057
6,9,8,0.017449221,0.017458376
7,9,8,0.021711345,0.021720076
8,9,8,0.026210488,0.026219273
9,9,8,0.027646296,0.027655319
10,9,8,0.03198994,0.031998855
11,9,8,0.031152083,0.031160997
12,9,8,0.038034686,0.038043481
13,9,8,0.047336752,0.047345639
14,9,8,0.106008211,0.106016998
15,9,8,0.49389043,0.49389935
4,10,8,0.012597386,0.012606206
5,10,8,0.015611516,0.015620628
6,10,8,0.018748126,0.018756986
7,10,8,0.023348056,0.023357043
8,10,8,0.024155463,0.024164387
9,10,8,0.028059486,0.028068394
10,10,8,0.031356059,0.031365406
11,10,8,0.03414169,0.034150216
12,10,8,0.037271593,0.037280182
13,10,8,0.047217893,0.047227055
14,10,8,0.101034756,0.101043383
15,10,8,0.479502824,0.47951093
4,0,9,5.94e-07,9.175e-06
5,0,9,9.91e-07,9.74e-06
6,0,9,2.592e-06,1.1353e-05
7,0,9,8.215e-06,1.6243e-05
8,0,9,3.122e-05,4.0126e-05
9,0,9,0.000124636,0.000133203
10,0,9,0.000542646,0.000551479
11,0,9,0.002587658,0.002596531
12,0,9,0.013131627,0.013140465
13,0,9,0.071621726,0.071630642
14,0,9,0.420797066,0.420806175
15,0,9,2.62250028,2.622509451
4,1,9,4.0277e-05,4.9565e-05
5,1,9,4.148e-05,5.13e-05
6,1,9,4.1195e-05,5.0427e-05
7,1,9,4.7821e-05,5.6982e-05
8,1,9,7.1134e-05,8.0239e-05
9,1,9,0.000179313,0.000188377
10,1,9,0.000637075,0.000646084
11,1,9,0.002735622,0.002744769
12,1,9,0.013619673,0.013628926
13,1,9,0.074173793,0.07418298
14,1,9,0.410322758,0.410331675
15,1,9,2.651524654,2.651533292
4,2,9,9.3758e-05,0.000103165
5,2,9,9.0706e-05,0.000100035
6,2,9,9.2624e-05,0.000101948
7,2,9,0.000100514,0.00010995
8,2,9,0.000114929,0.000124255
9,2,9,0.000171958,0.000181166
10,2,9,0.00043254,0.000441889
11,2,9,0.001544462,0.0015538
12,2,9,0.007871682,0.007881189
13,2,9,0.036881075,0.036889707
14,2,9,0.224210217,0.224218886
15,2,9,1.361215094,1.361223623
4,3,9,0.000117913,0.000127
5,3,9,0.000106059,0.000114823
6,3,9,0.000107617,0.000116412
7,3,9,0.000113672,0.000122457
8,3,9,0.000127022,0.000135817
9,3,9,0.000159715,0.000168441
10,3,9,0.00034746,0.000356178
11,3,9,0.001123469,0.001132146
12,3,9,0.005006944,0.005015748
13,3,9,0.029592415,0.029601383
14,3,9,0.161235243,0.161244111
15,3,9,0.935208516,0.935217329
4,4,9,0.000152827,0.00016139
5,4,9,0.000130554,0.000139323
6,4,9,0.000131553,0.000140335
7,4,9,0.000140747,0.000149524
8,4,9,0.000152288,0.000161002
9,4,9,0.0001814,0.000190158
10,4,9,0.000314628,0.000323374
11,4,9,0.001626194,0.001634896
12,4,9,0.004608556,0.004617561
13,4,9,0.022699168,0.022707946
14,4,9,0.12282116,0.122829646
15,4,9,0.726849161,0.726857656
4,5,9,0.000154897,0.000163473
5,5,9,0.000157007,0.000165574
6,5,9,0.00015171,0.000160354
7,5,9,0.000156342,0.000164905
8,5,9,0.00015819,0.000166731
9,5,9,0.000197648,0.000206173
10,5,9,0.000325243,0.0003338
11,5,9,0.000868448,0.000876981
12,5,9,0.003431747,0.003440554
13,5,9,0.017240237,0.017255116
14,5,9,0.117989601,0.11799846
15,5,9,0.683979303,0.683988186
4,6,9,0.000167522,0.000176052
5,6,9,0.000170077,0.000178617
6,6,9,0.000168162,0.000177105
7,6,9,0.000194242,0.000202818
8,6,9,0.000187466,0.000195942
9,6,9,0.000209871,0.000219105
10,6,9,0.000331385,0.000352076
11,6,9,0.000878536,0.00088759
12,6,9,0.003373985,0.003382517
13,6,9,0.016190162,0.016198754
14,6,9,0.086743098,0.086752465
15,6,9,0.515210484,0.515219679
4,7,9,0.000183603,0.000192768
5,7,9,0.000174441,0.000183515
6,7,9,0.00019007,0.000199392
7,7,9,0.000189705,0.000198714
8,7,9,0.000221143,0.000230453
9,7,9,0.000227391,0.000236467
10,7,9,0.000292295,0.000301344
11,7,9,0.000847667,0.000857007
12,7,9,0.003288501,0.003297624
13,7,9,0.015911367,0.015920838
14,7,9,0.084495664,0.084505
15,7,9,0.487552767,0.487561377
4,8,9,0.000218103,0.000226647
5,8,9,0.015854591,0.015864219
6,8,9,0.000215194,0.000223971
7,8,9,0.000215375,0.000224335
8,8,9,0.025669501,0.025679413
9,8,9,0.027609591,0.027619105
10,8,9,0.032909049,0.032918403
11,8,9,0.034635704,0.034645099
12,8,9,0.039955486,0.039964996
13,8,9,0.053814173,0.053823593
14,8,9,0.110951861,0.110961348
15,8,9,0.476680489,0.476689166
4,9,9,0.000208437,0.00021703
5,9,9,0.015791655,0.015800451
6,9,9,0.000216117,0.000224693
7,9,9,0.022036331,0.022045756
8,9,9,0.000248529,0.000257125
9,9,9,0.02925873,0.029268108
10,9,9,0.033145438,0.033154823
11,9,9,0.035596533,0.035606069
12,9,9,0.040911253,0.040920603
13,9,9,0.059294532,0.059303991
14,9,9,0.132709342,0.13271872
15,9,9,0.464660132,0.464669148
4,10,9,0.012539898,0.012548679
5,10,9,0.015477859,0.015486444
6,10,9,0.020222573,0.020231753
7,10,9,0.021547877,0.021556817
8,10,9,0.024910846,0.024919757
9,10,9,0.026518677,0.026527801
10,10,9,0.019932397,0.019947149
11,10,9,0.034477054,0.034486966
12,10,9,0.039052518,0.039061652
13,10,9,0.051049902,0.051058738
14,10,9,0.105116895,0.10512574
15,10,9,0.483936649,0.483945484
