4,0,0,7.5445e-05,5.7905e-05
5,0,0,8.093e-05,6.4564e-05
6,0,0,0.0001287,0.00011147
7,0,0,0.000263898,0.000246285
8,0,0,0.001021718,0.001000422
9,0,0,0.004005439,0.003985714
10,0,0,0.016877688,0.016859117
11,0,0,0.070368486,0.070351101
12,0,0,0.235477164,0.23546505
13,0,1,0.370235319,0.370223008
4,1,0,5.2453e-05,4.411e-05
5,1,0,7.1866e-05,6.1353e-05
6,1,0,0.000103497,9.2914e-05
7,1,0,0.00017439,0.000165479
8,1,0,0.000574713,0.000562482
9,1,0,0.002453305,0.002441065
10,1,0,0.012542367,0.012528481
11,1,0,0.052969665,0.052956829
12,1,0,0.221448645,0.2214401
13,1,1,0.588321851,0.588313668
4,2,0,0.00019522,0.000186863
5,2,0,0.00021862,0.000207791
6,2,0,0.000272654,0.000261833
7,2,0,0.000576762,0.000565885
8,2,0,0.000593366,0.000582123
9,2,0,0.002540086,0.002527787
10,2,0,0.011547696,0.011535297
11,2,0,0.063524825,0.06350971
12,2,0,0.226459038,0.226446179
13,2,1,0.578705582,0.578688962
4,3,0,0.000187741,0.000179666
5,3,0,0.000188491,0.000180436
6,3,0,0.000320601,0.000312535
7,3,0,0.000520907,0.00051262
8,3,0,0.000482907,0.00047463
9,3,0,0.001689162,0.001681054
10,3,0,0.016617814,0.016598758
11,3,0,0.068466386,0.068449849
12,3,0,0.221602383,0.221590582
13,3,1,0.592584596,0.592569644
4,4,0,0.000299311,0.000283739
5,4,0,0.000322762,0.000307141
6,4,0,0.000428617,0.000413191
7,4,0,0.000695079,0.000680947
8,4,0,0.000610807,0.0005959
9,4,0,0.001801415,0.001787147
10,4,0,0.011212191,0.011197739
11,4,0,0.039382731,0.039368839
12,4,0,0.221328308,0.22131454
13,4,1,0.556281907,0.556263461
4,5,0,0.000358606,0.000339358
5,5,0,0.000700139,0.000682413
6,5,0,0.000545418,0.000528766
7,5,0,0.000940219,0.000922648
8,5,0,0.000526005,0.000510213
9,5,0,0.00191253,0.001893616
10,5,0,0.007928548,0.00791052
11,5,0,0.070593462,0.070575837
12,5,0,0.221752899,0.221735809
13,5,1,0.581803508,0.58178593
4,6,0,0.00035592,0.000340566
5,6,0,0.000466955,0.000451925
6,6,0,0.000556787,0.000533738
7,6,0,0.000921034,0.000906825
8,6,0,0.000557737,0.000543427
9,6,0,0.002320157,0.002299175
10,6,0,0.014981044,0.014959993
11,6,0,0.039844743,0.039823619
12,6,0,0.246904859,0.246885143
13,6,1,0.584912875,0.584894311
4,7,0,0.000314496,0.000305258
5,7,0,0.000350778,0.000342644
6,7,0,0.000400615,0.000392602
7,7,0,0.000922607,0.000914478
8,7,0,0.000711761,0.000697441
9,7,0,0.003413282,0.003396717
10,7,0,0.012376203,0.012359713
11,7,0,0.050846279,0.050825263
12,7,0,0.221942326,0.221922838
13,7,1,0.559206203,0.559187814
4,8,0,0.000490791,0.000469742
5,8,0,0.000490189,0.000470378
6,8,0,0.000655415,0.000637078
7,8,0,0.001102744,0.001085359
8,8,0,0.000953249,0.000933573
9,8,0,0.00215576,0.002132857
10,8,0,0.018714075,0.018693183
11,8,0,0.03987145,0.039850474
12,8,0,0.24459521,0.244575734
13,8,1,0.591590215,0.591572702
4,0,0,6.5996e-05,5.1129e-05
5,0,0,7.3904e-05,5.9033e-05
6,0,0,0.000136043,0.000116289
7,0,0,0.000268982,0.000250544
8,0,0,0.000832186,0.000814821
9,0,0,0.003296844,0.003280336
10,0,0,0.014220619,0.014204809
11,0,0,0.059579621,0.059565479
12,0,0,0.227631055,0.227620242
13,0,1,0.360332589,0.360321676
4,1,0,7.5926e-05,6.3503e-05
5,1,0,8.8084e-05,7.5244e-05
6,1,0,0.000127411,0.000114602
7,1,0,0.000257881,0.000244436
8,1,0,0.000631607,0.000618075
9,1,0,0.003853164,0.003833759
10,1,0,0.018543394,0.018522885
11,1,0,0.069128599,0.069111783
12,1,0,0.236166683,0.236154712
13,1,1,0.577931702,0.577923547
4,2,0,0.000168975,0.000160908
5,2,0,0.000254834,0.000241931
6,2,0,0.000411663,0.000395067
7,2,0,0.000697356,0.00068167
8,2,0,0.000847352,0.000831688
9,2,0,0.00325835,0.003242423
10,2,0,0.01763355,0.017614185
11,2,0,0.075612639,0.075593382
12,2,0,0.239178984,0.239161199
13,2,1,0.587533922,0.587517451
4,3,0,0.00027265,0.000256259
5,3,0,0.000323119,0.00030741
6,3,0,0.000435505,0.000414499
7,3,0,0.000739392,0.000719784
8,3,0,0.000639683,0.000621278
9,3,0,0.002551663,0.002534123
10,3,0,0.011232213,0.011215567
11,3,0,0.063679359,0.063663797
12,3,0,0.22597279,0.225961533
13,3,1,0.577121063,0.577104444
4,4,0,0.000245348,0.000237091
5,4,0,0.000310343,0.000302319
6,4,0,0.000474016,0.000463434
7,4,0,0.000717478,0.000703545
8,4,0,0.000445462,0.000437162
9,4,0,0.001695172,0.001686311
10,4,0,0.007617264,0.00760805
11,4,0,0.03927995,0.039270689
12,4,0,0.229649522,0.229640671
13,4,1,0.58092977,0.580919362
4,5,0,0.000223072,0.00021495
5,5,0,0.000232711,0.000224623
6,5,0,0.000517634,0.00050952
7,5,0,0.000733396,0.000724376
8,5,0,0.000894333,0.000885841
9,5,0,0.001805718,0.00179765
10,5,0,0.007918552,0.007910449
11,5,0,0.039322263,0.039314017
12,5,0,0.221324608,0.221316556
13,5,1,0.577071793,0.577058609
4,6,0,0.000444315,0.000423136
5,6,0,0.000410625,0.00039096
6,6,0,0.000604173,0.000585857
7,6,0,0.000910935,0.000893569
8,6,0,0.000802949,0.000791634
9,6,0,0.001897578,0.001888772
10,6,0,0.010911486,0.010891792
11,6,0,0.057357105,0.057337533
12,6,0,0.223539373,0.223520973
13,6,1,0.568434215,0.568415839
4,7,0,0.000318473,0.000310402
5,7,0,0.000352895,0.000344846
6,7,0,0.000536939,0.00052879
7,7,0,0.000994975,0.000986991
8,7,0,0.000528539,0.000520389
9,7,0,0.001946366,0.001938191
10,7,0,0.007890776,0.007882654
11,7,0,0.039483657,0.039475547
12,7,0,0.221496818,0.221488789
13,7,1,0.556247305,0.556239094
4,8,0,0.000444958,0.000425261
5,8,0,0.00060965,0.000591243
6,8,0,0.000725386,0.000707911
7,8,0,0.001034563,0.001018107
8,8,0,0.0006318,0.000616653
9,8,0,0.002066551,0.002046982
10,8,0,0.008152893,0.008134599
11,8,0,0.040006301,0.039983337
12,8,0,0.221758637,0.221739417
13,8,1,0.580945378,0.580926807
4,0,0,7.3275e-05,5.6738e-05
5,0,0,8.7848e-05,7.0532e-05
6,0,0,0.000112384,9.6048e-05
7,0,0,0.00023564,0.000219229
8,0,0,0.00102197,0.001001045
9,0,0,0.001670579,0.001660308
10,0,0,0.01128061,0.011268794
11,0,0,0.047837334,0.04782601
12,0,0,0.224978229,0.224969984
13,0,1,0.412445792,0.412424295
4,1,0,6.9038e-05,5.7081e-05
5,1,0,0.000139809,0.000119317
6,1,0,0.000200128,0.000173283
7,1,0,0.000361261,0.0003423
8,1,0,0.00088251,0.000863574
9,1,0,0.003592571,0.003574722
10,1,0,0.016371677,0.016353973
11,1,0,0.066817684,0.06680179
12,1,0,0.231643408,0.231631884
13,1,1,0.591741403,0.591733216
4,2,0,0.000173855,0.000165747
5,2,0,0.000272633,0.00025492
6,2,0,0.000378943,0.00036122
7,2,0,0.000674381,0.000657666
8,2,0,0.000856754,0.000840151
9,2,0,0.003258134,0.003242401
10,2,0,0.017501459,0.017482198
11,2,0,0.067242685,0.067225841
12,2,0,0.265165487,0.265148543
13,2,1,0.56682951,0.566812706
4,3,0,0.000262668,0.000242804
5,3,0,0.00032976,0.00031015
6,3,0,0.000408588,0.000390241
7,3,0,0.000678381,0.000661066
8,3,0,0.000827019,0.000810372
9,3,0,0.00172176,0.001706087
10,3,0,0.007803054,0.007787845
11,3,0,0.061886901,0.061872641
12,3,0,0.251996828,0.251981589
13,3,1,0.543920795,0.543911431
4,4,0,0.000202174,0.00019392
5,4,0,0.000261982,0.000253964
6,4,0,0.000415142,0.000407111
7,4,0,0.000725662,0.000713442
8,4,0,0.000595466,0.00057804
9,4,0,0.001720564,0.001709137
10,4,0,0.007648366,0.007636855
11,4,0,0.049044315,0.049033074
12,4,0,0.228835643,0.228824304
13,4,1,0.589808378,0.589792298
4,5,0,0.000276204,0.000268004
5,5,0,0.000339449,0.00033003
6,5,0,0.000454617,0.000446383
7,5,0,0.000784338,0.000776146
8,5,0,0.000927166,0.000918994
9,5,0,0.003717529,0.003709291
10,5,0,0.007844646,0.00783633
11,5,0,0.039641693,0.039633513
12,5,0,0.238426263,0.238418083
13,5,1,0.61881241,0.618794939
4,6,0,0.000280448,0.000266872
5,6,0,0.000371221,0.000357911
6,6,0,0.000422655,0.000409315
7,6,0,0.000673507,0.00066129
8,6,0,0.000628282,0.000616063
9,6,0,0.001841348,0.001828879
10,6,0,0.007874656,0.007862632
11,6,0,0.041898508,0.041884462
12,6,0,0.221741048,0.221727786
13,6,1,0.560917232,0.560907879
4,7,0,0.00029392,0.000280665
5,7,0,0.000436995,0.000423887
6,7,0,0.000488239,0.000474914
7,7,0,0.000913097,0.000901044
8,7,0,0.000548373,0.000536388
9,7,0,0.001957916,0.001945884
10,7,0,0.013936988,0.013921457
11,7,0,0.058953259,0.058939032
12,7,0,0.221713349,0.221704578
13,7,1,0.590924793,0.590916687
4,8,0,0.000447355,0.000430748
5,8,0,0.000432119,0.000416456
6,8,0,0.000643447,0.000627779
7,8,0,0.00095907,0.000942623
8,8,0,0.000614417,0.000598877
9,8,0,0.002192077,0.00217717
10,8,0,0.008169992,0.008152364
11,8,0,0.039629169,0.039612596
12,8,0,0.221851776,0.221830594
13,8,1,0.581404806,0.581385152
4,0,0,3.7202e-05,2.8859e-05
5,0,0,4.0895e-05,3.2888e-05
6,0,0,5.614e-05,4.7992e-05
7,0,0,0.000118625,0.000110523
8,0,0,0.000388718,0.0003806
9,0,0,0.001707613,0.001699388
10,0,0,0.007856125,0.007847893
11,0,0,0.040020818,0.040012744
12,0,0,0.224946645,0.224938546
13,0,1,0.356053819,0.356045763
4,1,0,4.899e-05,4.1051e-05
5,1,0,5.4672e-05,4.6584e-05
6,1,0,8.1183e-05,7.3149e-05
7,1,0,0.00015657,0.000148329
8,1,0,0.000374282,0.000366093
9,1,0,0.001629776,0.001621145
10,1,0,0.007552332,0.0075442
11,1,0,0.039160556,0.039152378
12,1,0,0.221304817,0.221296693
13,1,1,0.584699532,0.584691396
4,2,0,0.000175525,0.000167391
5,2,0,0.000223908,0.000212868
6,2,0,0.000250415,0.000242005
7,2,0,0.000551368,0.000542952
8,2,0,0.000446162,0.000437715
9,2,0,0.001669262,0.001660479
10,2,0,0.007687408,0.007678434
11,2,0,0.039218942,0.039210156
12,2,0,0.221512848,0.221504223
13,2,1,0.584841612,0.58482015
4,3,0,0.000268946,0.000249248
5,3,0,0.000264177,0.00024568
6,3,0,0.00037851,0.000361163
7,3,0,0.000698421,0.000681066
8,3,0,0.000504412,0.000487901
9,3,0,0.00308831,0.003072852
10,3,0,0.007739033,0.007723293
11,3,0,0.039351441,0.039342849
12,3,0,0.247010725,0.246999644
13,3,1,0.5915978,0.591583341
4,4,0,0.00023966,0.000225351
5,4,0,0.000369738,0.000348745
6,4,0,0.000424025,0.0004117
7,4,0,0.000647946,0.000636718
8,4,0,0.000889483,0.000876025
9,4,0,0.001731554,0.001717414
10,4,0,0.012611529,0.012597983
11,4,0,0.064225323,0.064208636
12,4,0,0.245045646,0.245033963
13,4,1,0.572087887,0.572077
4,5,0,0.000264673,0.000256421
5,5,0,0.000322442,0.000314378
6,5,0,0.000442289,0.000434209
7,5,0,0.000764073,0.000755244
8,5,0,0.001059511,0.00105045
9,5,0,0.001783074,0.00177487
10,5,0,0.007855639,0.00784741
11,5,0,0.039542233,0.039533875
12,5,0,0.221494802,0.221486614
13,5,1,0.590227386,0.590219293
4,6,0,0.000466184,0.000443176
5,6,0,0.000460258,0.000440408
6,6,0,0.000561663,0.000543264
7,6,0,0.001022869,0.001005481
8,6,0,0.000799087,0.000777807
9,6,0,0.004016444,0.003996752
10,6,0,0.010470969,0.010452474
11,6,0,0.064685436,0.064667916
12,6,0,0.221725142,0.221708719
13,6,1,0.588071352,0.588056474
4,7,0,0.000440271,0.00042275
5,7,0,0.00042245,0.00040524
6,7,0,0.000550587,0.000534962
7,7,0,0.000958598,0.000943059
8,7,0,0.000797748,0.000783103
9,7,0,0.002037844,0.002023204
10,7,0,0.013540025,0.013525301
11,7,0,0.039888045,0.039872331
12,7,0,0.222055715,0.22204029
13,7,1,0.584769395,0.584754598
4,8,0,0.000426628,0.000409961
5,8,0,0.000515985,0.000500429
6,8,0,0.000645847,0.00063014
7,8,0,0.001087326,0.001069966
8,8,0,0.000625854,0.000610924
9,8,0,0.00300871,0.002994624
10,8,0,0.008017299,0.008003726
11,8,0,0.039642491,0.039628991
12,8,0,0.221801504,0.221788152
13,8,1,0.618608211,0.61858934
4,0,0,3.688e-05,2.8759e-05
5,0,0,4.0322e-05,3.219e-05
6,0,0,6.3227e-05,5.4121e-05
7,0,0,0.000118558,0.000110492
8,0,0,0.000731391,0.000716485
9,0,0,0.003105919,0.003090873
10,0,0,0.01351286,0.013498495
11,0,0,0.057580991,0.057568103
12,0,0,0.225133115,0.225124616
13,0,1,0.356777123,0.356768841
4,1,0,6.8047e-05,5.6906e-05
5,1,0,8.0105e-05,6.8446e-05
6,1,0,0.000120692,0.000108514
7,1,0,0.000227908,0.000215421
8,1,0,0.000567716,0.000555478
9,1,0,0.002572101,0.002559342
10,1,0,0.013822777,0.013807736
11,1,0,0.061635844,0.061621691
12,1,0,0.226259077,0.226248047
13,1,1,0.599369499,0.599361403
4,2,0,0.000590074,0.000581922
5,2,0,0.000193752,0.000185513
6,2,0,0.000388343,0.000368483
7,2,0,0.000608667,0.000590316
8,2,0,0.000504276,0.000486858
9,2,0,0.003465552,0.003448142
10,2,0,0.013942048,0.013926506
11,2,0,0.042083568,0.042069337
12,2,0,0.221611552,0.221603315
13,2,1,0.576466417,0.576458255
4,3,0,0.000295075,0.000275443
5,3,0,0.0002747,0.000256128
6,3,0,0.000410086,0.000392636
7,3,0,0.000660418,0.000643921
8,3,0,0.001063995,0.00104314
9,3,0,0.003397244,0.003377579
10,3,0,0.00793822,0.007919829
11,3,0,0.067743477,0.067725924
12,3,0,0.228818343,0.228806793
13,3,1,0.59359818,0.593584366
4,4,0,0.000293763,0.000280105
5,4,0,0.00029971,0.000285485
6,4,0,0.000559392,0.000541159
7,4,0,0.000779561,0.000762106
8,4,0,0.000799279,0.000784168
9,4,0,0.003091022,0.00307594
10,4,0,0.007678759,0.007664004
11,4,0,0.039366745,0.039351961
12,4,0,0.221717325,0.221702265
13,4,1,0.557918092,0.557903266
4,5,0,0.00025462,0.000242217
5,5,0,0.000361022,0.00034889
6,5,0,0.000426732,0.000415125
7,5,0,0.000751881,0.000740659
8,5,0,0.000584392,0.000563945
9,5,0,0.003722948,0.003705082
10,5,0,0.007934337,0.007917345
11,5,0,0.067593166,0.067577143
12,5,0,0.228860654,0.22884923
13,5,1,0.606359471,0.606351263
4,6,0,0.000324361,0.000315734
5,6,0,0.000405533,0.000397437
6,6,0,0.000452859,0.000444315
7,6,0,0.000833088,0.000824985
8,6,0,0.000501769,0.000493597
9,6,0,0.002288097,0.002280013
10,6,0,0.007815775,0.007807752
11,6,0,0.039411977,0.039403833
12,6,0,0.223201822,0.223193752
13,6,1,0.557432521,0.557411266
4,7,0,0.000417303,0.000397501
5,7,0,0.000538782,0.00052041
6,7,0,0.000624421,0.000607101
7,7,0,0.000952145,0.000937253
8,7,0,0.001001104,0.000986199
9,7,0,0.003016034,0.003000562
10,7,0,0.012780125,0.012765851
11,7,0,0.03955779,0.039545128
12,7,0,0.221800057,0.221788201
13,7,1,0.598375869,0.598361802
4,8,0,0.000405992,0.000397814
5,8,0,0.000388189,0.000380131
6,8,0,0.000426607,0.000418556
7,8,0,0.000942472,0.000932956
8,8,0,0.00055157,0.000543423
9,8,0,0.001979568,0.001971392
10,8,0,0.00796044,0.007952268
11,8,0,0.039697237,0.039689041
12,8,0,0.221578055,0.221569183
13,8,1,0.580549619,0.580541598
4,0,0,9.3529e-05,7.2385e-05
5,0,0,9.8735e-05,7.892e-05
6,0,0,0.000127351,0.000109024
7,0,0,0.000259645,0.000242335
8,0,0,0.000884272,0.000865905
9,0,0,0.003497874,0.003480541
10,0,0,0.015025207,0.015008635
11,0,0,0.062278166,0.062263271
12,0,0,0.229505507,0.229494239
13,0,1,0.353122373,0.353114311
4,1,0,4.8552e-05,4.0215e-05
5,1,0,5.4565e-05,4.6571e-05
6,1,0,7.9592e-05,7.134e-05
7,1,0,0.000150261,0.000142054
8,1,0,0.000368231,0.000359977
9,1,0,0.001588606,0.001580492
10,1,0,0.007753116,0.007744878
11,1,0,0.043525931,0.043515045
12,1,0,0.221185525,0.221177301
13,1,1,0.586874337,0.586866278
4,2,0,0.000184884,0.000176713
5,2,0,0.000202941,0.000194654
6,2,0,0.000460996,0.000442184
7,2,0,0.000605829,0.000588554
8,2,0,0.000818954,0.00080247
9,2,0,0.003698607,0.003679856
10,2,0,0.01557198,0.015554689
11,2,0,0.06379749,0.063782041
12,2,0,0.225777166,0.225765934
13,2,1,0.584894694,0.584877296
4,3,0,0.000281087,0.000261371
5,3,0,0.000371205,0.000352819
6,3,0,0.000386647,0.000370134
7,3,0,0.00072677,0.000711229
8,3,0,0.000670252,0.0006539
9,3,0,0.002938846,0.002923824
10,3,0,0.012615056,0.01260066
11,3,0,0.056815685,0.056801997
12,3,0,0.224094246,0.224078547
13,3,1,0.595847867,0.595832821
4,4,0,0.000267166,0.000253161
5,4,0,0.000318848,0.000304875
6,4,0,0.000389203,0.000377963
7,4,0,0.000803413,0.000784799
8,4,0,0.000896406,0.000878931
9,4,0,0.003686293,0.003668787
10,4,0,0.015834328,0.015817647
11,4,0,0.064639052,0.064623908
12,4,0,0.22677907,0.226764694
13,4,1,0.583330258,0.583316025
4,5,0,0.000246096,0.000238037
5,5,0,0.00029478,0.000286563
6,5,0,0.000432022,0.000423941
7,5,0,0.000833184,0.000821865
8,5,0,0.000514416,0.000503513
9,5,0,0.001842801,0.001834662
10,5,0,0.007809575,0.007801394
11,5,0,0.06732602,0.0673094
12,5,0,0.229748126,0.22973304
13,5,1,0.590007126,0.589992317
4,6,0,0.000414575,0.000394771
5,6,0,0.000382862,0.000364544
6,6,0,0.000657288,0.000634661
7,6,0,0.001009918,0.000990121
8,6,0,0.000605699,0.00058737
9,6,0,0.003898252,0.00388061
10,6,0,0.015648775,0.015632191
11,6,0,0.039557371,0.039540936
12,6,0,0.221529209,0.221514007
13,6,1,0.598963792,0.598948962
4,7,0,0.000313173,0.000304958
5,7,0,0.000423984,0.000415861
6,7,0,0.000529655,0.00052155
7,7,0,0.00096895,0.000960797
8,7,0,0.000520546,0.000512364
9,7,0,0.001868169,0.001860073
10,7,0,0.0078882,0.007880175
11,7,0,0.046841678,0.04682985
12,7,0,0.221839121,0.221830456
13,7,1,0.582596994,0.582588854
4,8,0,0.000386001,0.000376927
5,8,0,0.000445301,0.000434833
6,8,0,0.000689656,0.000674989
7,8,0,0.001109934,0.001094107
8,8,0,0.000627793,0.000612978
9,8,0,0.001970242,0.001955386
10,8,0,0.010473068,0.010458097
11,8,0,0.041863384,0.04184904
12,8,0,0.222053474,0.22203907
13,8,1,0.579065223,0.579051671
4,0,0,6.0993e-05,4.7139e-05
5,0,0,6.7258e-05,5.3345e-05
6,0,0,9.3385e-05,7.9636e-05
7,0,0,0.000200983,0.000187391
8,0,0,0.000826723,0.000809108
9,0,0,0.003303888,0.003287349
10,0,0,0.015004559,0.014978344
11,0,0,0.062365044,0.062350324
12,0,0,0.229645272,0.229634125
13,0,1,0.353118012,0.353109916
4,1,0,4.7949e-05,3.9789e-05
5,1,0,5.5011e-05,4.694e-05
6,1,0,7.9953e-05,7.1666e-05
7,1,0,0.000158229,0.000149507
8,1,0,0.00036786,0.00035978
9,1,0,0.001628863,0.001620668
10,1,0,0.007572996,0.007554691
11,1,0,0.039277207,0.039269099
12,1,0,0.221323601,0.221315548
13,1,1,0.578283285,0.578275199
4,2,0,0.000185548,0.000172544
5,2,0,0.000209012,0.000200867
6,2,0,0.000234618,0.000226439
7,2,0,0.000557874,0.000549685
8,2,0,0.0004493,0.000441121
9,2,0,0.001692557,0.001684319
10,2,0,0.010206384,0.010195477
11,2,0,0.041508312,0.041497731
12,2,0,0.263980451,0.263962898
13,2,1,0.581910604,0.581902435
4,3,0,0.000295087,0.000275507
5,3,0,0.000321361,0.000303888
6,3,0,0.000404966,0.000388525
7,3,0,0.000791907,0.000771932
8,3,0,0.001019384,0.000999907
9,3,0,0.003699732,0.003681393
10,3,0,0.011391872,0.011374198
11,3,0,0.066265783,0.066249457
12,3,0,0.244439543,0.244427672
13,3,1,0.578081231,0.578070382
4,4,0,0.00027806,0.000266849
5,4,0,0.000287597,0.000272746
6,4,0,0.000563825,0.000543355
7,4,0,0.000773033,0.00075388
8,4,0,0.000484783,0.000468413
9,4,0,0.001749526,0.001722333
10,4,0,0.00772244,0.007705809
11,4,0,0.066321248,0.066305673
12,4,0,0.221728453,0.22170878
13,4,1,0.581087295,0.581071718
4,5,0,0.000278517,0.000267729
5,5,0,0.000313622,0.000303167
6,5,0,0.000403785,0.000393393
7,5,0,0.000829253,0.000818512
8,5,0,0.00049169,0.000483621
9,5,0,0.001864097,0.001855892
10,5,0,0.007778399,0.007769898
11,5,0,0.039368348,0.039359714
12,5,0,0.264067037,0.264055292
13,5,1,0.592206603,0.592193896
4,6,0,0.000423046,0.000403509
5,6,0,0.000482447,0.000462661
6,6,0,0.000587144,0.000568832
7,6,0,0.000854231,0.000836921
8,6,0,0.000931531,0.000914241
9,6,0,0.002582903,0.00256549
10,6,0,0.011865988,0.011846112
11,6,0,0.04456655,0.044547922
12,6,0,0.238888994,0.238872807
13,6,1,0.579127005,0.579110055
4,7,0,0.000343665,0.000335645
5,7,0,0.000384908,0.000376839
6,7,0,0.000660308,0.00064281
7,7,0,0.001067951,0.001039167
8,7,0,0.000865245,0.000849675
9,7,0,0.001954295,0.001939455
10,7,0,0.012691796,0.01267761
11,7,0,0.039719128,0.039706025
12,7,0,0.221796002,0.221781768
13,7,1,0.591189001,0.591180315
4,8,0,0.000443227,0.000429446
5,8,0,0.000470799,0.000457113
6,8,0,0.000547412,0.000538663
7,8,0,0.001163468,0.00115519
8,8,0,0.000569919,0.000561534
9,8,0,0.00193712,0.001928512
10,8,0,0.011605325,0.011596747
11,8,0,0.04174375,0.041735108
12,8,0,0.221676684,0.221667866
13,8,1,0.596263481,0.596255395
4,0,0,3.6312e-05,2.8079e-05
5,0,0,4.001e-05,3.1909e-05
6,0,0,5.5869e-05,4.7684e-05
7,0,0,0.000118094,0.000109852
8,0,0,0.000386901,0.000378755
9,0,0,0.00167942,0.001671289
10,0,0,0.007804286,0.007795766
11,0,0,0.040069268,0.040061181
12,0,0,0.224939527,0.224931343
13,0,1,0.353257869,0.353249714
4,1,0,6.4532e-05,5.3403e-05
5,1,0,8.0013e-05,6.843e-05
6,1,0,0.000121165,0.000108826
7,1,0,0.000245114,0.000232045
8,1,0,0.000624187,0.000611452
9,1,0,0.002713001,0.002699358
10,1,0,0.012654374,0.012640592
11,1,0,0.066392025,0.066375862
12,1,0,0.228733278,0.228721513
13,1,1,0.588685709,0.58867769
4,2,0,0.000192671,0.000182362
5,2,0,0.000210772,0.000202663
6,2,0,0.000330439,0.000322254
7,2,0,0.000697768,0.000678126
8,2,0,0.000934191,0.000915908
9,2,0,0.002777003,0.002759651
10,2,0,0.014803603,0.014787016
11,2,0,0.058642385,0.058627592
12,2,0,0.243046998,0.243032731
13,2,1,0.567791955,0.567782793
4,3,0,0.000232781,0.000224625
5,3,0,0.000231435,0.000223377
6,3,0,0.000323564,0.000315397
7,3,0,0.000497729,0.000489741
8,3,0,0.000626802,0.000618676
9,3,0,0.002460734,0.002452733
10,3,0,0.007726969,0.007718837
11,3,0,0.066473691,0.066457377
12,3,0,0.228771242,0.228759569
13,3,1,0.573077023,0.573064664
4,4,0,0.000245081,0.000234711
5,4,0,0.000264144,0.000253735
6,4,0,0.000464676,0.000453872
7,4,0,0.000706823,0.00069564
8,4,0,0.00046922,0.000458923
9,4,0,0.001781644,0.001771345
10,4,0,0.007734594,0.007724133
11,4,0,0.04378512,0.043774212
12,4,0,0.221467884,0.221450426
13,4,1,0.591170682,0.59115415
4,5,0,0.000253101,0.00024488
5,5,0,0.000333478,0.000325404
6,5,0,0.000377142,0.000365431
7,5,0,0.00084939,0.000838084
8,5,0,0.000526362,0.000515001
9,5,0,0.001822486,0.001806727
10,5,0,0.016790466,0.016774576
11,5,0,0.039457342,0.039441266
12,5,0,0.257003617,0.256987848
13,5,1,0.596015229,0.596007045
4,6,0,0.000445453,0.000424407
5,6,0,0.000434861,0.000404881
6,6,0,0.000534811,0.000515292
7,6,0,0.000905041,0.000886747
8,6,0,0.000873049,0.000855687
9,6,0,0.002293929,0.002277419
10,6,0,0.010017208,0.01000151
11,6,0,0.07950097,0.079480003
12,6,0,0.221709572,0.221696143
13,6,1,0.587537317,0.587523533
4,7,0,0.000293202,0.00028508
5,7,0,0.000416015,0.000407899
6,7,0,0.000437256,0.000429108
7,7,0,0.000941112,0.000931577
8,7,0,0.000498612,0.000490428
9,7,0,0.001900448,0.001892151
10,7,0,0.007814621,0.007806493
11,7,0,0.039435953,0.039426367
12,7,0,0.221631602,0.221623365
13,7,1,0.589459932,0.589451798
4,8,0,0.000540299,0.000521849
5,8,0,0.000504328,0.000486802
6,8,0,0.000664901,0.00064526
7,8,0,0.001221164,0.001202804
8,8,0,0.000770661,0.000753486
9,8,0,0.003594517,0.00357723
10,8,0,0.010443281,0.010426484
11,8,0,0.039551429,0.03953308
12,8,0,0.226151624,0.22613432
13,8,1,0.623163488,0.623142607
4,0,0,3.6379e-05,2.832e-05
5,0,0,4.0874e-05,3.2788e-05
6,0,0,5.6106e-05,4.7875e-05
7,0,0,0.000117879,0.000109718
8,0,0,0.000409592,0.000401308
9,0,0,0.001644076,0.001635795
10,0,0,0.007866993,0.007858697
11,0,0,0.040221773,0.040213411
12,0,0,0.225178751,0.225159552
13,0,1,0.353488527,0.353480479
4,1,0,4.7495e-05,3.9329e-05
5,1,0,5.5372e-05,4.7313e-05
6,1,0,7.8666e-05,7.0602e-05
7,1,0,0.000147626,0.00013952
8,1,0,0.000368443,0.000360374
9,1,0,0.001588928,0.001580865
10,1,0,0.007595301,0.007587232
11,1,0,0.039387883,0.039379716
12,1,0,0.221478108,0.221469891
13,1,1,0.581860806,0.581852707
4,2,0,0.000173491,0.000165412
5,2,0,0.000271147,0.000263088
6,2,0,0.000660136,0.000652115
7,2,0,0.000491889,0.000483866
8,2,0,0.000453556,0.000445619
9,2,0,0.001658506,0.001650337
10,2,0,0.007729519,0.007721405
11,2,0,0.03940141,0.039392666
12,2,0,0.273164892,0.273145068
13,2,1,0.585035793,0.585027561
4,3,0,0.000268922,0.000250365
5,3,0,0.000318478,0.000301082
6,3,0,0.000421417,0.000404819
7,3,0,0.000599837,0.00058473
8,3,0,0.000680721,0.000666353
9,3,0,0.002650619,0.002636381
10,3,0,0.011593951,0.011580546
11,3,0,0.050354569,0.050342047
12,3,0,0.22168104,0.221667699
13,3,1,0.591875031,0.591862787
4,4,0,0.000209606,0.000198848
5,4,0,0.000273116,0.000261309
6,4,0,0.00042884,0.000417035
7,4,0,0.000682181,0.000670438
8,4,0,0.000602516,0.000591277
9,4,0,0.002326339,0.00231515
10,4,0,0.007696869,0.007685647
11,4,0,0.039360177,0.039349092
12,4,0,0.230041021,0.23002777
13,4,1,0.59441352,0.594398463
4,5,0,0.000209361,0.000201212
5,5,0,0.00027192,0.000263827
6,5,0,0.000393183,0.00038515
7,5,0,0.000743957,0.000735863
8,5,0,0.000488584,0.00048013
9,5,0,0.00265871,0.002646088
10,5,0,0.011410058,0.011393441
11,5,0,0.050757596,0.05074177
12,5,0,0.244208888,0.24419337
13,5,1,0.589942608,0.589928413
4,6,0,0.00033085,0.000315474
5,6,0,0.000441341,0.00042147
6,6,0,0.000522231,0.000508877
7,6,0,0.000891751,0.000878375
8,6,0,0.000679474,0.0006703
9,6,0,0.001948928,0.001935564
10,6,0,0.008056858,0.008037864
11,6,0,0.039800242,0.039783377
12,6,0,0.256959205,0.25694322
13,6,1,0.581916168,0.581908113
4,7,0,0.000751371,0.000732021
5,7,0,0.000500806,0.000482342
6,7,0,0.001369194,0.001351869
7,7,0,0.001031643,0.001015328
8,7,0,0.000825555,0.000810059
9,7,0,0.001951104,0.00193556
10,7,0,0.013980668,0.013965214
11,7,0,0.03962322,0.039608928
12,7,0,0.221823285,0.221803739
13,7,1,0.584247995,0.584230158
4,8,0,0.000444004,0.000424561
5,8,0,0.000513278,0.000494909
6,8,0,0.000694631,0.000677303
7,8,0,0.001041352,0.001024945
8,8,0,0.000600652,0.000585029
9,8,0,0.00304669,0.003024352
10,8,0,0.014230835,0.014216495
11,8,0,0.039524658,0.03951036
12,8,0,0.237162408,0.237148539
13,8,1,0.579161162,0.579147734
4,0,0,8.6235e-05,6.6692e-05
5,0,0,9.3884e-05,7.5372e-05
6,0,0,0.000126965,0.000108781
7,0,0,0.000266527,0.00024808
8,0,0,0.000832019,0.000814551
9,0,0,0.003505114,0.003487824
10,0,0,0.015892257,0.015874796
11,0,0,0.064849945,0.064834419
12,0,0,0.229407606,0.22939637
13,0,1,0.396082945,0.396074906
4,1,0,8.8508e-05,7.3162e-05
5,1,0,0.000140897,0.000121186
6,1,0,0.000180302,0.000161804
7,1,0,0.000339369,0.000320923
8,1,0,0.000791106,0.000773849
9,1,0,0.003371172,0.003353666
10,1,0,0.014576627,0.014560148
11,1,0,0.060526686,0.060511779
12,1,0,0.229639752,0.229628051
13,1,1,0.614879552,0.614871459
4,2,0,0.000185527,0.000177414
5,2,0,0.000232015,0.000223938
6,2,0,0.000253028,0.00024482
7,2,0,0.000517501,0.00050348
8,2,0,0.000441676,0.000433548
9,2,0,0.001657944,0.001649865
10,2,0,0.00766935,0.007651097
11,2,0,0.071885799,0.071867381
12,2,0,0.231845691,0.231833361
13,2,1,0.62132025,0.621305352
4,3,0,0.00021385,0.000205695
5,3,0,0.000267767,0.000251288
6,3,0,0.000376989,0.00035955
7,3,0,0.000537325,0.000521132
8,3,0,0.000526129,0.000504218
9,3,0,0.00182552,0.001810924
10,3,0,0.012618967,0.012604944
11,3,0,0.039350557,0.039336966
12,3,0,0.236845624,0.236832943
13,3,1,0.590392435,0.590376847
4,4,0,0.000364705,0.000343699
5,4,0,0.000410112,0.000390671
6,4,0,0.000480356,0.000461991
7,4,0,0.000695539,0.000677168
8,4,0,0.000511723,0.000494273
9,4,0,0.001719718,0.00170324
10,4,0,0.013921267,0.01390549
11,4,0,0.06628191,0.066265521
12,4,0,0.228688641,0.228669861
13,4,1,0.587486279,0.587473399
4,5,0,0.000253532,0.000245427
5,5,0,0.00031357,0.000305473
6,5,0,0.000418592,0.000410466
7,5,0,0.000664211,0.000656145
8,5,0,0.000490235,0.000482167
9,5,0,0.001780795,0.001772666
10,5,0,0.007756166,0.007748056
11,5,0,0.039335893,0.039327762
12,5,0,0.226581477,0.22657342
13,5,1,0.595055635,0.595047567
4,6,0,0.000272692,0.000264638
5,6,0,0.000309963,0.000301922
6,6,0,0.000550582,0.000542488
7,6,0,0.000848659,0.000840044
8,6,0,0.000519888,0.000508053
9,6,0,0.002937468,0.002925615
10,6,0,0.016638251,0.016626303
11,6,0,0.039543861,0.039527922
12,6,0,0.221678126,0.221663291
13,6,1,0.571626874,0.571612641
4,7,0,0.000413227,0.000394556
5,7,0,0.00049556,0.000478151
6,7,0,0.000645473,0.000628919
7,7,0,0.001078421,0.001062835
8,7,0,0.000731351,0.000716955
9,7,0,0.002858501,0.002844319
10,7,0,0.016932986,0.01691862
11,7,0,0.039609298,0.039594748
12,7,0,0.223037127,0.223023863
13,7,1,0.590012485,0.589996921
4,8,0,0.000419979,0.000398948
5,8,0,0.00049828,0.000478495
6,8,0,0.00066191,0.000643353
7,8,0,0.001163866,0.001145475
8,8,0,0.000990352,0.000973143
9,8,0,0.003523079,0.00350653
10,8,0,0.009924989,0.009914333
11,8,0,0.064610511,0.064595286
12,8,0,0.251169121,0.251147083
13,8,1,0.593146328,0.593138215
