4,0,0,6.2999e-05,8.1583e-05
5,0,0,6.9993e-05,0.000101719
6,0,0,9.3225e-05,0.000110439
7,0,0,0.000211669,0.00022922
8,0,0,0.000760848,0.000778183
9,0,0,0.004123167,0.004145278
10,0,0,0.015388609,0.015406112
11,0,0,0.063356751,0.063372348
12,0,0,0.289418158,0.289429769
13,0,0,1.407201924,1.407214047
14,0,0,8.652920351,8.652928617
4,1,0,9.1605e-05,0.000110951
5,1,0,4.2647e-05,5.1234e-05
6,1,0,6.7353e-05,7.5475e-05
7,1,0,0.000110425,0.000118514
8,1,0,0.000887574,0.000906962
9,1,0,0.003162412,0.003177982
10,1,0,0.014495594,0.014511328
11,1,0,0.060618335,0.0606326
12,1,0,0.287239224,0.287250356
13,1,0,1.37721754,1.377228146
14,1,0,8.638347598,8.63835567
4,2,0,0.000147764,0.000155885
5,2,0,0.000158534,0.000166657
6,2,0,0.000251078,0.000272048
7,2,0,0.000227336,0.000248161
8,2,0,0.000432347,0.000448927
9,2,0,0.00128359,0.001292245
10,2,0,0.005581505,0.00558965
11,2,0,0.025723562,0.025732034
12,2,0,0.132351961,0.132360189
13,2,0,0.727239255,0.727247315
14,2,0,4.364490817,4.364498931
4,3,0,0.000181648,0.000190307
5,3,0,0.000144627,0.000152715
6,3,0,0.000192474,0.000200675
7,3,0,0.00021464,0.000222691
8,3,0,0.000299031,0.000307295
9,3,0,0.000927252,0.00093799
10,3,0,0.004523558,0.004534201
11,3,0,0.019503296,0.019511518
12,3,0,0.092727375,0.092735653
13,3,0,0.514494736,0.514502779
14,3,0,3.075681565,3.075689612
4,4,0,0.00020663,0.000219349
5,4,0,0.000196485,0.000210011
6,4,0,0.00023595,0.000249432
7,4,0,0.000205589,0.00021897
8,4,0,0.000291294,0.000304786
9,4,0,0.001132206,0.00115023
10,4,0,0.003906397,0.003923296
11,4,0,0.016192137,0.016208122
12,4,0,0.082374583,0.082388855
13,4,0,0.403135407,0.403146178
14,4,0,2.45912135,2.459132702
4,5,0,0.000169513,0.000180293
5,5,0,0.000248946,0.000260599
6,5,0,0.000183524,0.000195259
7,5,0,0.000237966,0.000255638
8,5,0,0.000396079,0.000411744
9,5,0,0.000766431,0.000781385
10,5,0,0.003058695,0.003074498
11,5,0,0.013822731,0.013838594
12,5,0,0.058634128,0.058647784
13,5,0,0.331567884,0.331582863
14,5,0,1.96098373,1.960994284
4,6,0,0.000244378,0.000252809
5,6,0,0.000222315,0.000230363
6,6,0,0.000234122,0.000242317
7,6,0,0.000203609,0.00021193
8,6,0,0.000293958,0.00030218
9,6,0,0.000596051,0.000604231
10,6,0,0.001916113,0.001924124
11,6,0,0.008504581,0.008512737
12,6,0,0.057173383,0.057187384
13,6,0,0.30542093,0.305431962
14,6,0,1.870032006,1.870040233
4,7,0,0.000162135,0.000170205
5,7,0,0.000199742,0.000207775
6,7,0,0.00029721,0.000305379
7,7,0,0.000301886,0.00031012
8,7,0,0.000288275,0.000296523
9,7,0,0.000645667,0.000653972
10,7,0,0.001888989,0.001897276
11,7,0,0.008906744,0.008914996
12,7,0,0.044289662,0.0442978
13,7,0,0.236764715,0.236772822
14,7,0,1.422252073,1.422260333
4,8,0,0.000232707,0.000240871
5,8,0,0.000249883,0.000260675
6,8,0,0.000283126,0.000293992
7,8,0,0.000264197,0.000275078
8,8,0,0.000337886,0.000348917
9,8,0,0.000667583,0.000678485
10,8,0,0.001869805,0.001880357
11,8,0,0.008267896,0.00827844
12,8,0,0.042923214,0.04293478
13,8,0,0.242305094,0.242317037
14,8,0,1.398259552,1.398267808
4,9,0,0.000292359,0.000300494
5,9,0,0.000267268,0.000275352
6,9,0,0.000313706,0.000326226
7,9,0,0.0003141,0.000325868
8,9,0,0.000420544,0.00043246
9,9,0,0.000696163,0.000708117
10,9,0,0.00191642,0.001928953
11,9,0,0.009447067,0.009465056
12,9,0,0.04275968,0.042775587
13,9,0,0.232928803,0.232941639
14,9,0,1.425117485,1.425125676
4,10,0,0.000268457,0.00027678
5,10,0,0.000295447,0.000303629
6,10,0,0.000326483,0.000334664
7,10,0,0.000323296,0.000331459
8,10,0,0.000366357,0.000374648
9,10,0,0.000749317,0.000757724
10,10,0,0.001822284,0.001830608
11,10,0,0.007734423,0.007742752
12,10,0,0.038807925,0.038816092
13,10,0,0.221179331,0.221187424
14,10,0,1.323053602,1.323064151
4,11,0,0.00031083,0.000321349
5,11,0,0.000286004,0.000296372
6,11,0,0.000347745,0.000358276
7,11,0,0.00037745,0.000386101
8,11,0,0.000445565,0.000454487
9,11,0,0.00073075,0.000738827
10,11,0,0.002090172,0.002098261
11,11,0,0.007316681,0.007324912
12,11,0,0.037995181,0.038003283
13,11,0,0.213366133,0.213380244
14,11,0,1.285372464,1.285382971
4,12,0,0.000322679,0.00033107
5,12,0,0.00035655,0.000364737
6,12,0,0.000332544,0.000341421
7,12,0,0.000374472,0.000394406
8,12,0,0.000381793,0.000389958
9,12,0,0.000669178,0.000677343
10,12,0,0.001452775,0.001460966
11,12,0,0.0057636,0.005771629
12,12,0,0.02602314,0.02603198
13,12,0,0.202975909,0.202984059
14,12,0,1.231627668,1.231635759
4,0,1,2.7632e-05,3.6218e-05
5,0,1,3.107e-05,3.9133e-05
6,0,1,4.3974e-05,5.212e-05
7,0,1,0.000102856,0.000110869
8,0,1,0.000528956,0.000540699
9,0,1,0.003143998,0.003159651
10,0,1,0.013780254,0.013795286
11,0,1,0.060572132,0.060593998
12,0,1,0.22522436,0.225235343
13,0,1,1.332086044,1.332094169
14,0,1,8.633309096,8.633317249
4,1,1,3.7948e-05,4.6442e-05
5,1,1,4.3048e-05,5.111e-05
6,1,1,5.4485e-05,6.2632e-05
7,1,1,0.000160914,0.000172557
8,1,1,0.000657977,0.000672127
9,1,1,0.002441479,0.002453712
10,1,1,0.015374406,0.015391043
11,1,1,0.065884752,0.065900696
12,1,1,0.226578881,0.226590361
13,1,1,1.324584487,1.324592615
14,1,1,8.588829188,8.588837363
4,2,1,0.000230691,0.000239287
5,2,1,0.000163026,0.000171139
6,2,1,0.000141581,0.000149593
7,2,1,0.000204491,0.000212681
8,2,1,0.000426862,0.000435082
9,2,1,0.001153334,0.00116826
10,2,1,0.003931689,0.003939903
11,2,1,0.028263623,0.028271866
12,2,1,0.133070021,0.133078209
13,2,1,0.743893821,0.743901992
14,2,1,4.361359063,4.361367064
4,3,1,0.000155895,0.000164392
5,3,1,0.00015913,0.000167245
6,3,1,0.000139351,0.00014751
7,3,1,0.000175297,0.000183663
8,3,1,0.000339827,0.000348338
9,3,1,0.001050139,0.001058748
10,3,1,0.00428413,0.004292683
11,3,1,0.018914274,0.018923576
12,3,1,0.098928956,0.098941804
13,3,1,0.517824662,0.517832694
14,3,1,3.153904285,3.153912967
4,4,1,0.00019133,0.000199374
5,4,1,0.000200195,0.000208369
6,4,1,0.000219495,0.000227686
7,4,1,0.000213948,0.000227382
8,4,1,0.00031371,0.000325135
9,4,1,0.000928011,0.000943122
10,4,1,0.003661906,0.003676165
11,4,1,0.018263382,0.018283504
12,4,1,0.084960509,0.084976298
13,4,1,0.441035312,0.441051984
14,4,1,2.522465078,2.522475684
4,5,1,0.000182592,0.000190671
5,5,1,0.000247503,0.000259238
6,5,1,0.00021258,0.000220778
7,5,1,0.000206257,0.000214779
8,5,1,0.000316157,0.000325413
9,5,1,0.000645119,0.000653448
10,5,1,0.00247436,0.002482659
11,5,1,0.011382897,0.011391493
12,5,1,0.05864019,0.058658096
13,5,1,0.326522572,0.326530839
14,5,1,1.960381995,1.960390205
4,6,1,0.000217144,0.000225319
5,6,1,0.00027742,0.00029152
6,6,1,0.00031732,0.000332392
7,6,1,0.000319896,0.00033495
8,6,1,0.000371998,0.000385925
9,6,1,0.000886211,0.000900328
10,6,1,0.002801142,0.002815416
11,6,1,0.012563407,0.01257693
12,6,1,0.06371525,0.063729557
13,6,1,0.316150034,0.316160781
14,6,1,1.917222757,1.917234931
4,7,1,0.000217772,0.00022649
5,7,1,0.000242804,0.000251093
6,7,1,0.000277913,0.000286158
7,7,1,0.000396321,0.00040457
8,7,1,0.00039634,0.00040462
9,7,1,0.000637877,0.000646127
10,7,1,0.002233283,0.002241624
11,7,1,0.009929718,0.009938029
12,7,1,0.048313886,0.04832216
13,7,1,0.242125357,0.242134079
14,7,1,1.455742967,1.455751058
4,8,1,0.000234306,0.000242558
5,8,1,0.000249199,0.000257302
6,8,1,0.000259354,0.000267454
7,8,1,0.000264155,0.000272252
8,8,1,0.0003073,0.000315346
9,8,1,0.000585215,0.000593218
10,8,1,0.00186321,0.001871834
11,8,1,0.008422903,0.008431072
12,8,1,0.042515337,0.042523391
13,8,1,0.235840027,0.235848204
14,8,1,1.399867608,1.39987594
4,9,1,0.000236817,0.000245136
5,9,1,0.000251609,0.000259739
6,9,1,0.000289103,0.000297308
7,9,1,0.00041153,0.000419717
8,9,1,0.00039671,0.000405555
9,9,1,0.000709246,0.000721024
10,9,1,0.002278766,0.002290457
11,9,1,0.008849107,0.008857234
12,9,1,0.041877406,0.041885562
13,9,1,0.227836851,0.227845462
14,9,1,1.374214433,1.374222527
4,10,1,0.000228382,0.000236544
5,10,1,0.000269411,0.000277541
6,10,1,0.000288366,0.000296537
7,10,1,0.000322903,0.000331058
8,10,1,0.00038506,0.00039317
9,10,1,0.000746219,0.000754411
10,10,1,0.001909761,0.001918044
11,10,1,0.007738291,0.007746515
12,10,1,0.040181995,0.040190166
13,10,1,0.22229013,0.222298409
14,10,1,1.351131442,1.351139567
4,11,1,0.000286346,0.00029458
5,11,1,0.0003151,0.000323217
6,11,1,0.000352183,0.000360502
7,11,1,0.000355233,0.000363387
8,11,1,0.000500523,0.000511477
9,11,1,0.000854009,0.000873056
10,11,1,0.002156082,0.002183088
11,11,1,0.008137862,0.008153612
12,11,1,0.038130738,0.038144853
13,11,1,0.217741767,0.217754024
14,11,1,1.282934106,1.282942343
4,12,1,0.000370019,0.000378623
5,12,1,0.000362028,0.000370561
6,12,1,0.000340567,0.000349123
7,12,1,0.000480841,0.000490037
8,12,1,0.000549489,0.000558838
9,12,1,0.000757324,0.000765555
10,12,1,0.001982085,0.001990306
11,12,1,0.007025183,0.007033335
12,12,1,0.032309019,0.032318904
13,12,1,0.200049033,0.200057073
14,12,1,1.22570384,1.225711947
4,0,2,2.8233e-05,4.5245e-05
5,0,2,3.1289e-05,3.9427e-05
6,0,2,4.4126e-05,5.2243e-05
7,0,2,9.966e-05,0.000107902
8,0,2,0.0003538,0.000361943
9,0,2,0.00165853,0.001666791
10,0,2,0.00760097,0.007609191
11,0,2,0.039309519,0.039317735
12,0,2,0.220803455,0.220811651
13,0,2,1.332115641,1.332123677
14,0,2,8.814274542,8.814294053
4,1,2,8.7653e-05,0.000106894
5,1,2,9.5497e-05,0.000114557
6,1,2,0.000118573,0.000136242
7,1,2,0.000232254,0.00024879
8,1,2,0.000770685,0.000787422
9,1,2,0.003173997,0.00318971
10,1,2,0.013666867,0.013681899
11,1,2,0.058186507,0.058200238
12,1,2,0.287096511,0.287107083
13,1,2,1.379864707,1.379875199
14,1,2,8.581872638,8.581880668
4,2,2,0.000130689,0.000139175
5,2,2,0.000160032,0.000168153
6,2,2,0.000167756,0.000186824
7,2,2,0.00021165,0.000219866
8,2,2,0.000383322,0.000391565
9,2,2,0.001413692,0.001421899
10,2,2,0.005611076,0.005619177
11,2,2,0.028212229,0.028220579
12,2,2,0.133070627,0.133078893
13,2,2,0.734750788,0.734759027
14,2,2,4.363351377,4.363359458
4,3,2,0.00016923,0.000177328
5,3,2,0.000166098,0.000174274
6,3,2,0.000183461,0.000191686
7,3,2,0.000179823,0.00018804
8,3,2,0.000344759,0.000356247
9,3,2,0.001098994,0.001109969
10,3,2,0.005893829,0.005905063
11,3,2,0.021607492,0.021624304
12,3,2,0.092854891,0.092863347
13,3,2,0.515837064,0.515845193
14,3,2,3.07945371,3.079461735
4,4,2,0.000159157,0.000167695
5,4,2,0.000187192,0.000195302
6,4,2,0.00015557,0.000163579
7,4,2,0.000210214,0.000218306
8,4,2,0.000270744,0.000279012
9,4,2,0.000756488,0.000764658
10,4,2,0.003003908,0.003012096
11,4,2,0.011682814,0.011690896
12,4,2,0.076892125,0.07690038
13,4,2,0.399715038,0.399723353
14,4,2,2.436608861,2.43661711
4,5,2,0.000204895,0.000212967
5,5,2,0.000248178,0.000256411
6,5,2,0.000226703,0.000234848
7,5,2,0.000232806,0.000240986
8,5,2,0.000281095,0.000289247
9,5,2,0.000783896,0.000792106
10,5,2,0.002352369,0.002360602
11,5,2,0.012668315,0.012679761
12,5,2,0.059035821,0.059047576
13,5,2,0.330672156,0.33068046
14,5,2,1.99462507,1.994633226
4,6,2,0.000184074,0.000192146
5,6,2,0.00019483,0.000202978
6,6,2,0.000244061,0.000257026
7,6,2,0.000224941,0.000233015
8,6,2,0.00030922,0.000317761
9,6,2,0.000592167,0.000600298
10,6,2,0.002007418,0.00201557
11,6,2,0.008595596,0.008603658
12,6,2,0.0433525,0.043361119
13,6,2,0.305363712,0.305371923
14,6,2,1.872326692,1.872334767
4,7,2,0.000200359,0.000208363
5,7,2,0.000244585,0.00025272
6,7,2,0.000318144,0.0003263
7,7,2,0.000321808,0.000336698
8,7,2,0.00042303,0.000437788
9,7,2,0.000792057,0.000806927
10,7,2,0.002399702,0.002414708
11,7,2,0.009267052,0.009281109
12,7,2,0.043610982,0.043624463
13,7,2,0.25146113,0.251471852
14,7,2,1.497096794,1.49710486
4,8,2,0.000187589,0.000195663
5,8,2,0.000257204,0.00026528
6,8,2,0.000286672,0.000297534
7,8,2,0.000317618,0.000329288
8,8,2,0.000367405,0.000378668
9,8,2,0.000708662,0.000720882
10,8,2,0.002087413,0.002098801
11,8,2,0.008748032,0.008758933
12,8,2,0.042994855,0.043005337
13,8,2,0.23924814,0.239256413
14,8,2,1.406178038,1.4061863
4,9,2,0.000255189,0.00026326
5,9,2,0.000265189,0.000273291
6,9,2,0.000249714,0.00025788
7,9,2,0.000286432,0.000294555
8,9,2,0.000370121,0.000378304
9,9,2,0.000677857,0.000686013
10,9,2,0.001871533,0.001879586
11,9,2,0.008130917,0.00813897
12,9,2,0.041812973,0.041821092
13,9,2,0.23155792,0.231566492
14,9,2,1.401906314,1.401914556
4,10,2,0.000234064,0.000242099
5,10,2,0.000294781,0.00030295
6,10,2,0.000317461,0.000325561
7,10,2,0.000384689,0.000392891
8,10,2,0.000380065,0.000388171
9,10,2,0.000569934,0.000578553
10,10,2,0.001501196,0.001509282
11,10,2,0.007842933,0.007851063
12,10,2,0.03916698,0.039175818
13,10,2,0.222800622,0.222808796
14,10,2,1.370158376,1.370166574
4,11,2,0.000287783,0.000300538
5,11,2,0.000308922,0.000322268
6,11,2,0.00033881,0.000347001
7,11,2,0.000435391,0.000443543
8,11,2,0.000404741,0.000412863
9,11,2,0.001448568,0.001456711
10,11,2,0.00174039,0.001748459
11,11,2,0.007558186,0.007566416
12,11,2,0.039332781,0.039341017
13,11,2,0.211813476,0.211821559
14,11,2,1.315561824,1.315572362
4,12,2,0.00029507,0.000303223
5,12,2,0.000303938,0.00031215
6,12,2,0.000284494,0.000292581
7,12,2,0.000369333,0.000378778
8,12,2,0.000411323,0.000419417
9,12,2,0.000805389,0.000813451
10,12,2,0.002305066,0.002313273
11,12,2,0.008861332,0.008869494
12,12,2,0.039688461,0.039696591
13,12,2,0.20041577,0.200423915
14,12,2,1.228715636,1.228723743
4,0,3,2.6881e-05,3.5414e-05
5,0,3,3.0324e-05,3.8413e-05
6,0,3,4.4259e-05,5.2405e-05
7,0,3,9.9469e-05,0.000107655
8,0,3,0.000442026,0.000450165
9,0,3,0.001580578,0.001588863
10,0,3,0.007600703,0.007608929
11,0,3,0.039282473,0.039290688
12,0,3,0.220791819,0.220799891
13,0,3,1.331943906,1.331951963
14,0,3,8.632682049,8.632690087
4,1,3,3.7406e-05,4.5984e-05
5,1,3,4.1437e-05,4.964e-05
6,1,3,5.9581e-05,6.7725e-05
7,1,3,0.000111941,0.000120015
8,1,3,0.000371513,0.000379794
9,1,3,0.001580911,0.001589199
10,1,3,0.007558402,0.007566673
11,1,3,0.039047592,0.039055935
12,1,3,0.219617585,0.219625783
13,1,3,1.324659196,1.324667328
14,1,3,8.730689566,8.730705263
4,2,3,0.000216257,0.000236965
5,2,3,0.000214464,0.000233225
6,2,3,0.000218244,0.00023597
7,2,3,0.000237398,0.000254058
8,2,3,0.000432484,0.000449227
9,2,3,0.001255603,0.001272561
10,2,3,0.005618339,0.005633219
11,2,3,0.025331695,0.025345999
12,2,3,0.131209689,0.131222188
13,2,3,0.725612064,0.725622553
14,2,3,4.367079315,4.367087306
4,3,3,0.000135295,0.000143925
5,3,3,0.000137802,0.000145893
6,3,3,0.000144342,0.000152314
7,3,3,0.000167061,0.000175106
8,3,3,0.000273746,0.000282029
9,3,3,0.000857147,0.000865418
10,3,3,0.003448682,0.003457191
11,3,3,0.020541167,0.020549585
12,3,3,0.093243454,0.093251914
13,3,3,0.516993638,0.517001798
14,3,3,3.088471759,3.088479863
4,4,3,0.000201965,0.000210299
5,4,3,0.000189232,0.000197498
6,4,3,0.000228162,0.000236403
7,4,3,0.000173515,0.000181817
8,4,3,0.000240064,0.000248331
9,4,3,0.000695172,0.000703599
10,4,3,0.002436051,0.002444359
11,4,3,0.011955769,0.011964169
12,4,3,0.059686779,0.059695589
13,4,3,0.398143007,0.398151161
14,4,3,2.438132248,2.43814086
4,5,3,0.000195752,0.000203878
5,5,3,0.00019772,0.000205753
6,5,3,0.000185471,0.000193479
7,5,3,0.000262652,0.000270785
8,5,3,0.000307964,0.000316102
9,5,3,0.000752537,0.00076551
10,5,3,0.002525849,0.002538942
11,5,3,0.011164493,0.011176888
12,5,3,0.058685839,0.05869632
13,5,3,0.321816977,0.321828462
14,5,3,1.94068335,1.940691772
4,6,3,0.00018755,0.000195743
5,6,3,0.000255788,0.00026398
6,6,3,0.000224628,0.000232837
7,6,3,0.000265602,0.000273636
8,6,3,0.000245049,0.000253155
9,6,3,0.000667888,0.000676068
10,6,3,0.001998198,0.002006353
11,6,3,0.00917476,0.009182849
12,6,3,0.047821907,0.047830047
13,6,3,0.305172279,0.305180543
14,6,3,1.870507207,1.870515315
4,7,3,0.000167391,0.000175416
5,7,3,0.000242594,0.000250784
6,7,3,0.000307099,0.000315264
7,7,3,0.000240868,0.000249048
8,7,3,0.000383426,0.000391528
9,7,3,0.001322122,0.001330188
10,7,3,0.001898627,0.001906739
11,7,3,0.008394705,0.008402867
12,7,3,0.043565901,0.043574157
13,7,3,0.266084531,0.266092778
14,7,3,1.42643661,1.426444704
4,8,3,0.000202751,0.000210897
5,8,3,0.00022818,0.000236223
6,8,3,0.000263718,0.000271827
7,8,3,0.000301201,0.000309315
8,8,3,0.000383733,0.000392376
9,8,3,0.000609967,0.000618024
10,8,3,0.00188579,0.001904936
11,8,3,0.008359157,0.0083673
12,8,3,0.042617941,0.042626061
13,8,3,0.25908799,0.259096104
14,8,3,1.398966754,1.398974932
4,9,3,0.000209483,0.000217696
5,9,3,0.00025484,0.000262969
6,9,3,0.001026406,0.001034523
7,9,3,0.000264702,0.000272868
8,9,3,0.000323361,0.000331556
9,9,3,0.000550927,0.000559074
10,9,3,0.001850184,0.001858419
11,9,3,0.008101746,0.008109847
12,9,3,0.040684719,0.040692962
13,9,3,0.228097669,0.228105832
14,9,3,1.377357141,1.377365235
4,10,3,0.000293803,0.000301942
5,10,3,0.000243248,0.00025135
6,10,3,0.000296302,0.000304425
7,10,3,0.000322353,0.000330489
8,10,3,0.000378882,0.000387098
9,10,3,0.000554887,0.000563023
10,10,3,0.001710942,0.001719073
11,10,3,0.007562955,0.007571106
12,10,3,0.038952697,0.038960924
13,10,3,0.220678953,0.220687094
14,10,3,1.349701825,1.349709926
4,11,3,0.000298846,0.000306984
5,11,3,0.000274719,0.000282867
6,11,3,0.000264613,0.00027273
7,11,3,0.000339078,0.000347199
8,11,3,0.000380054,0.000388246
9,11,3,0.000617221,0.000625423
10,11,3,0.001646065,0.001654305
11,11,3,0.006586161,0.006594283
12,11,3,0.037876302,0.037894617
13,11,3,0.220899012,0.220907779
14,11,3,1.297069057,1.297077144
4,12,3,0.000326296,0.000337594
5,12,3,0.000334608,0.000346329
6,12,3,0.000350059,0.000361843
7,12,3,0.000390034,0.000401231
8,12,3,0.000487973,0.000499167
9,12,3,0.000652673,0.000663489
10,12,3,0.001576123,0.001587165
11,12,3,0.006307794,0.00631863
12,12,3,0.031073919,0.031084325
13,12,3,0.199892605,0.199900734
14,12,3,1.23746467,1.237472844
4,0,4,2.9658e-05,3.8656e-05
5,0,4,3.0897e-05,3.8947e-05
6,0,4,4.4324e-05,5.252e-05
7,0,4,9.9856e-05,0.000107987
8,0,4,0.000354029,0.000362174
9,0,4,0.001572442,0.001580669
10,0,4,0.007531454,0.007539672
11,0,4,0.03914853,0.039156696
12,0,4,0.220849608,0.220857986
13,0,4,1.333101027,1.333109161
14,0,4,8.63195128,8.631959334
4,1,4,4.2036e-05,5.0757e-05
5,1,4,4.1671e-05,4.9767e-05
6,1,4,5.6862e-05,6.5117e-05
7,1,4,0.000110214,0.000118328
8,1,4,0.000372247,0.000380466
9,1,4,0.001628771,0.001636948
10,1,4,0.007497481,0.007505664
11,1,4,0.038915734,0.038924228
12,1,4,0.219537593,0.21954586
13,1,4,1.324154294,1.324162432
14,1,4,8.579926943,8.579935171
4,2,4,0.000127539,0.000136076
5,2,4,0.000154977,0.000162984
6,2,4,0.000168053,0.000176117
7,2,4,0.000206004,0.000214643
8,2,4,0.000412044,0.000420175
9,2,4,0.001373482,0.001381667
10,2,4,0.005555776,0.005564105
11,2,4,0.028482158,0.028490377
12,2,4,0.132808516,0.132816684
13,2,4,0.735607986,0.735616102
14,2,4,4.386478928,4.386487009
4,3,4,0.000185597,0.000194545
5,3,4,0.000134407,0.000142759
6,3,4,0.000146389,0.000154756
7,3,4,0.000200942,0.000210007
8,3,4,0.000288708,0.000297185
9,3,4,0.000826524,0.000834989
10,3,4,0.003180194,0.003188724
11,3,4,0.014875498,0.014884216
12,3,4,0.093640054,0.093657955
13,3,4,0.519688961,0.519697329
14,3,4,3.085545678,3.085553815
4,4,4,0.00019945,0.000208055
5,4,4,0.000181309,0.000189993
6,4,4,0.000141869,0.000149963
7,4,4,0.000273556,0.000281868
8,4,4,0.000249206,0.000257385
9,4,4,0.000736478,0.000744865
10,4,4,0.00285282,0.00286261
11,4,4,0.01285811,0.012866385
12,4,4,0.069860845,0.069869092
13,4,4,0.39922475,0.399232931
14,4,4,2.440426297,2.440434442
4,5,4,0.00016067,0.000168913
5,5,4,0.000157377,0.000166457
6,5,4,0.000232423,0.0002406
7,5,4,0.000218919,0.000227115
8,5,4,0.0002635,0.000272265
9,5,4,0.00057126,0.000584603
10,5,4,0.002107907,0.002116556
11,5,4,0.010666146,0.010674716
12,5,4,0.056669735,0.056678226
13,5,4,0.325631218,0.325639558
14,5,4,1.953487947,1.953496174
4,6,4,0.000198958,0.000207229
5,6,4,0.00018143,0.000190067
6,6,4,0.000272589,0.000280706
7,6,4,0.000211453,0.000219736
8,6,4,0.000382547,0.000390996
9,6,4,0.000700767,0.000713141
10,6,4,0.0022682,0.002280497
11,6,4,0.011432987,0.0114459
12,6,4,0.050819219,0.050830969
13,6,4,0.314721501,0.314729651
14,6,4,1.881390319,1.881398465
4,7,4,0.00021176,0.000220326
5,7,4,0.000214889,0.000223491
6,7,4,0.000314273,0.000323359
7,7,4,0.000232789,0.000240929
8,7,4,0.00030255,0.000310714
9,7,4,0.000583743,0.000591846
10,7,4,0.001945238,0.00195342
11,7,4,0.008406592,0.00841475
12,7,4,0.047334744,0.047342951
13,7,4,0.238447038,0.238455143
14,7,4,1.445401478,1.445410947
4,8,4,0.00023227,0.000240284
5,8,4,0.00058861,0.000596837
6,8,4,0.000339249,0.00034737
7,8,4,0.000332089,0.000340244
8,8,4,0.000416778,0.000424855
9,8,4,0.000605945,0.000614067
10,8,4,0.001975875,0.001984108
11,8,4,0.008275541,0.008283657
12,8,4,0.041799004,0.041807187
13,8,4,0.235886248,0.235894435
14,8,4,1.400763265,1.400771416
4,9,4,0.000251351,0.000259864
5,9,4,0.000255198,0.000263278
6,9,4,0.000268664,0.00027683
7,9,4,0.000288361,0.00029646
8,9,4,0.000356612,0.000364791
9,9,4,0.000553605,0.000561779
10,9,4,0.001911131,0.001919452
11,9,4,0.008056595,0.00807544
12,9,4,0.04229269,0.042301067
13,9,4,0.231770697,0.231778812
14,9,4,1.36751356,1.36752161
4,10,4,0.000272513,0.000281064
5,10,4,0.000273451,0.000281564
6,10,4,0.000287065,0.00029517
7,10,4,0.000317424,0.00032572
8,10,4,0.000395774,0.000403903
9,10,4,0.000739826,0.000748041
10,10,4,0.001990013,0.001998183
11,10,4,0.008055996,0.008064108
12,10,4,0.038707734,0.03871592
13,10,4,0.221808565,0.221821317
14,10,4,1.337884707,1.337893798
4,11,4,0.000274343,0.000282461
5,11,4,0.000292481,0.000300617
6,11,4,0.00026818,0.000276328
7,11,4,0.000346967,0.00035518
8,11,4,0.000366348,0.00037448
9,11,4,0.000653225,0.00066156
10,11,4,0.001773787,0.001781994
11,11,4,0.006786744,0.006794778
12,11,4,0.03661701,0.036625154
13,11,4,0.217005719,0.217013874
14,11,4,1.317915182,1.317923313
4,12,4,0.000280056,0.000288329
5,12,4,0.000312811,0.000320954
6,12,4,0.00034519,0.000353423
7,12,4,0.000399314,0.000407455
8,12,4,0.000515745,0.000524074
9,12,4,0.000871473,0.000879841
10,12,4,0.002320561,0.002328999
11,12,4,0.00786414,0.007872913
12,12,4,0.04051361,0.040521878
13,12,4,0.200188764,0.200196918
14,12,4,1.254421676,1.254430082
4,0,5,2.7628e-05,3.5785e-05
5,0,5,3.0556e-05,3.8641e-05
6,0,5,4.5967e-05,5.4183e-05
7,0,5,0.000103353,0.000111561
8,0,5,0.000355793,0.000365241
9,0,5,0.001573004,0.00158128
10,0,5,0.007515218,0.007523455
11,0,5,0.039053913,0.039062089
12,0,5,0.220678284,0.220686466
13,0,5,1.333565845,1.333573895
14,0,5,8.653422831,8.653430888
4,1,5,4.305e-05,5.1937e-05
5,1,5,4.2267e-05,5.0328e-05
6,1,5,5.8123e-05,6.6653e-05
7,1,5,0.000111189,0.000119213
8,1,5,0.000367925,0.000376107
9,1,5,0.001581732,0.001589758
10,1,5,0.007458634,0.007466828
11,1,5,0.038711071,0.038720613
12,1,5,0.219282114,0.219290157
13,1,5,1.502784361,1.502809406
14,1,5,8.582333567,8.582341612
4,2,5,0.000163184,0.000182356
5,2,5,0.000176261,0.000195242
6,2,5,0.000164547,0.000182137
7,2,5,0.000219034,0.000236836
8,2,5,0.000466753,0.000484562
9,2,5,0.00144241,0.001460108
10,2,5,0.006023373,0.006040135
11,2,5,0.025675313,0.02569048
12,2,5,0.130846936,0.130860375
13,2,5,0.739492241,0.739502611
14,2,5,4.359831631,4.359839966
4,3,5,0.000165768,0.00017401
5,3,5,0.000142089,0.000150202
6,3,5,0.000136237,0.000144336
7,3,5,0.000212034,0.000220275
8,3,5,0.00034447,0.00035266
9,3,5,0.00097125,0.000979505
10,3,5,0.004028359,0.004036752
11,3,5,0.018787352,0.018795549
12,3,5,0.093441583,0.093449903
13,3,5,0.505198481,0.50520657
14,3,5,3.077511325,3.0775195
4,4,5,0.000188169,0.000197273
5,4,5,0.000202411,0.000210498
6,4,5,0.00022978,0.000237926
7,4,5,0.000237363,0.000245508
8,4,5,0.0003298,0.000337987
9,4,5,0.001183134,0.001204368
10,4,5,0.004108725,0.004128707
11,4,5,0.016043139,0.01606081
12,4,5,0.076943724,0.076959512
13,4,5,0.408230858,0.408242665
14,4,5,2.437285978,2.437298781
4,5,5,0.000162231,0.000170358
5,5,5,0.000192856,0.000201005
6,5,5,0.000227483,0.000235556
7,5,5,0.000235618,0.000243989
8,5,5,0.000262635,0.00027088
9,5,5,0.00069591,0.000704118
10,5,5,0.002624439,0.002632898
11,5,5,0.011907728,0.011916126
12,5,5,0.058871684,0.058879888
13,5,5,0.330127223,0.33013551
14,5,5,1.954155649,1.954163783
4,6,5,0.000155231,0.000163314
5,6,5,0.0002343,0.000242707
6,6,5,0.000203055,0.000211359
7,6,5,0.000233099,0.000241416
8,6,5,0.000240595,0.00024895
9,6,5,0.000610788,0.000619486
10,6,5,0.00195193,0.001966513
11,6,5,0.008573928,0.008588197
12,6,5,0.055622855,0.055636631
13,6,5,0.306229394,0.306239951
14,6,5,1.870444038,1.870454849
4,7,5,0.000213827,0.000221984
5,7,5,0.000224278,0.000232469
6,7,5,0.000256388,0.000264609
7,7,5,0.000243969,0.000252117
8,7,5,0.000286561,0.00029489
9,7,5,0.000608129,0.000616453
10,7,5,0.002667545,0.002675737
11,7,5,0.008305582,0.00831394
12,7,5,0.043962807,0.043970973
13,7,5,0.236988553,0.236996806
14,7,5,1.422244608,1.422252817
4,8,5,0.000226266,0.000234776
5,8,5,0.000312884,0.000322301
6,8,5,0.000259276,0.00026753
7,8,5,0.000283419,0.00029187
8,8,5,0.000319144,0.000327319
9,8,5,0.000580409,0.000588511
10,8,5,0.00192036,0.001928994
11,8,5,0.008376812,0.00838498
12,8,5,0.041683427,0.04169155
13,8,5,0.236001345,0.236009441
14,8,5,1.397951904,1.397960084
4,9,5,0.000225549,0.000233689
5,9,5,0.001070858,0.001079197
6,9,5,0.00026336,0.000271581
7,9,5,0.000308289,0.000316605
8,9,5,0.000491516,0.000499955
9,9,5,0.000744124,0.000752513
10,9,5,0.002188843,0.002197255
11,9,5,0.008500053,0.008508443
12,9,5,0.045752481,0.045760707
13,9,5,0.23444476,0.234452941
14,9,5,1.400906048,1.400914236
4,10,5,0.000317926,0.000326104
5,10,5,0.000313582,0.000321781
6,10,5,0.000294528,0.000302565
7,10,5,0.000345362,0.00035349
8,10,5,0.000462814,0.00047095
9,10,5,0.000765463,0.000773601
10,10,5,0.002082675,0.00209083
11,10,5,0.008169054,0.008177278
12,10,5,0.039177905,0.039186145
13,10,5,0.217951458,0.217959584
14,10,5,1.366731714,1.366740055
4,11,5,0.000272955,0.000281331
5,11,5,0.000268452,0.000276564
6,11,5,0.000298384,0.000306641
7,11,5,0.000373201,0.000381535
8,11,5,0.000490887,0.000499515
9,11,5,0.000680527,0.00068957
10,11,5,0.00172086,0.001729579
11,11,5,0.006356557,0.006365456
12,11,5,0.03942756,0.039436606
13,11,5,0.20960607,0.20961518
14,11,5,1.318115315,1.318123443
4,12,5,0.000323887,0.000332181
5,12,5,0.000339817,0.00034838
6,12,5,0.000325257,0.000333919
7,12,5,0.000443788,0.000452845
8,12,5,0.000498516,0.000506854
9,12,5,0.000879908,0.000888198
10,12,5,0.002423891,0.002432219
11,12,5,0.007787051,0.007795146
12,12,5,0.039726925,0.039735083
13,12,5,0.199937233,0.199950637
14,12,5,1.287439338,1.287449757
4,0,6,3.6523e-05,4.5061e-05
5,0,6,3.394e-05,4.2135e-05
6,0,6,4.646e-05,5.4824e-05
7,0,6,9.9208e-05,0.000107589
8,0,6,0.000359919,0.000368456
9,0,6,0.001588436,0.001596928
10,0,6,0.007484049,0.00749272
11,0,6,0.039015272,0.039023802
12,0,6,0.220601796,0.220610259
13,0,6,1.331924592,1.331932703
14,0,6,8.631861984,8.631870124
4,1,6,3.6972e-05,4.5149e-05
5,1,6,6.5397e-05,7.7718e-05
6,1,6,8.2505e-05,9.4945e-05
7,1,6,0.000176843,0.000189979
8,1,6,0.000600587,0.000613499
9,1,6,0.003834078,0.003853021
10,1,6,0.015373208,0.015390339
11,1,6,0.062911401,0.062926685
12,1,6,0.314730244,0.314749592
13,1,6,1.448033192,1.448044004
14,1,6,8.589201671,8.589209773
4,2,6,0.000169103,0.000180991
5,2,6,0.000172099,0.000183397
6,2,6,0.000183239,0.000195644
7,2,6,0.000230191,0.000242717
8,2,6,0.000532499,0.000552703
9,2,6,0.001857932,0.001875972
10,2,6,0.008088937,0.008109978
11,2,6,0.037893531,0.037913199
12,2,6,0.160110084,0.160125717
13,2,6,0.848767485,0.848778149
14,2,6,4.358658787,4.358666967
4,3,6,0.000481798,0.000490339
5,3,6,0.00015532,0.000163686
6,3,6,0.000161923,0.000170071
7,3,6,0.000200471,0.000208723
8,3,6,0.000302374,0.000310923
9,3,6,0.00106795,0.00107651
10,3,6,0.003522428,0.003531306
11,3,6,0.020313287,0.020322377
12,3,6,0.091784245,0.091793196
13,3,6,0.504907042,0.504915274
14,3,6,3.084975368,3.084983525
4,4,6,0.000196118,0.000204217
5,4,6,0.000160789,0.000168911
6,4,6,0.000178989,0.000187181
7,4,6,0.000191829,0.000200117
8,4,6,0.000303324,0.000311638
9,4,6,0.001014767,0.001028041
10,4,6,0.003585335,0.003598213
11,4,6,0.018939234,0.01895243
12,4,6,0.082790117,0.082802323
13,4,6,0.431556526,0.43156938
14,4,6,2.448918199,2.448926965
4,5,6,0.00022776,0.000235882
5,5,6,0.000240381,0.000248664
6,5,6,0.000209365,0.000217433
7,5,6,0.000174259,0.0001825
8,5,6,0.000278289,0.000288873
9,5,6,0.000777911,0.000794432
10,5,6,0.002968369,0.002984329
11,5,6,0.013413823,0.013430032
12,5,6,0.073989727,0.07400914
13,5,6,0.325378041,0.325391165
14,5,6,1.977809563,1.977821603
4,6,6,0.000201276,0.00020951
5,6,6,0.000224494,0.000233177
6,6,6,0.000293435,0.000301585
7,6,6,0.000210155,0.000218441
8,6,6,0.000367505,0.000376262
9,6,6,0.000633302,0.000641881
10,6,6,0.002005615,0.002014108
11,6,6,0.008688997,0.008698132
12,6,6,0.059179468,0.059188376
13,6,6,0.306437668,0.30644855
14,6,6,1.871467067,1.8714752
4,7,6,0.000189187,0.000197813
5,7,6,0.000233566,0.000241807
6,7,6,0.000215241,0.000223399
7,7,6,0.00024859,0.00025686
8,7,6,0.000304307,0.000312362
9,7,6,0.000585244,0.000593297
10,7,6,0.002028802,0.002036842
11,7,6,0.008715975,0.008724136
12,7,6,0.042983753,0.042991772
13,7,6,0.237001632,0.237009988
14,7,6,1.426170484,1.426178543
4,8,6,0.000265505,0.000273758
5,8,6,0.000255182,0.000263333
6,8,6,0.000279769,0.000288045
7,8,6,0.000257401,0.000265612
8,8,6,0.000422931,0.000431808
9,8,6,0.000677882,0.000686131
10,8,6,0.0021111,0.002119419
11,8,6,0.008387725,0.008395938
12,8,6,0.042873971,0.042882161
13,8,6,0.236063596,0.236071886
14,8,6,1.401767764,1.401775872
4,9,6,0.000237799,0.000246134
5,9,6,0.00025483,0.000262913
6,9,6,0.000334448,0.000342574
7,9,6,0.000358268,0.000366419
8,9,6,0.000358811,0.000367072
9,9,6,0.000730524,0.000738835
10,9,6,0.001941684,0.00195455
11,9,6,0.008935091,0.008947855
12,9,6,0.045626237,0.045642782
13,9,6,0.245368375,0.24538255
14,9,6,1.395869052,1.395880904
4,10,6,0.000269167,0.000279548
5,10,6,0.000247954,0.000258934
6,10,6,0.000311354,0.000322437
7,10,6,0.000303905,0.000312261
8,10,6,0.000428345,0.000436978
9,10,6,0.000762431,0.000770696
10,10,6,0.002148237,0.002156379
11,10,6,0.008787521,0.008795858
12,10,6,0.04025141,0.040259759
13,10,6,0.217162515,0.217170743
14,10,6,1.351874437,1.351882579
4,11,6,0.000972479,0.000980618
5,11,6,0.000326941,0.000335513
6,11,6,0.000358076,0.000369542
7,11,6,0.000414361,0.000427809
8,11,6,0.000489491,0.000509055
9,11,6,0.000916061,0.000928898
10,11,6,0.001615008,0.001627281
11,11,6,0.009701553,0.009713816
12,11,6,0.04264554,0.042656729
13,11,6,0.21692654,0.216936908
14,11,6,1.322828001,1.322838387
4,12,6,0.00034249,0.0003507
5,12,6,0.000322879,0.000331174
6,12,6,0.000366268,0.00037475
7,12,6,0.000338853,0.000347741
8,12,6,0.000397037,0.000405405
9,12,6,0.000775281,0.000788282
10,12,6,0.001535126,0.001547699
11,12,6,0.006409312,0.006421608
12,12,6,0.028717305,0.028728134
13,12,6,0.203461312,0.203473003
14,12,6,1.226582608,1.22659313
4,0,7,4.3286e-05,5.6155e-05
5,0,7,4.8346e-05,6.1262e-05
6,0,7,7.0629e-05,8.3566e-05
7,0,7,0.00016677,0.000179642
8,0,7,0.000600374,0.000614068
9,0,7,0.002806048,0.002820624
10,0,7,0.012496262,0.01251008
11,0,7,0.054449521,0.054462639
12,0,7,0.288543886,0.288554875
13,0,7,1.416888367,1.416900369
14,0,7,8.632871365,8.632879309
4,1,7,3.7836e-05,4.6505e-05
5,1,7,4.4118e-05,5.2287e-05
6,1,7,5.5378e-05,6.3724e-05
7,1,7,0.000113895,0.000122534
8,1,7,0.000376809,0.000385838
9,1,7,0.00158219,0.001591412
10,1,7,0.007503039,0.007512389
11,1,7,0.038844393,0.03885357
12,1,7,0.315742658,0.315762831
13,1,7,1.41335976,1.413385146
14,1,7,8.592232288,8.592241688
4,2,7,0.000179789,0.00019826
5,2,7,0.000177946,0.000194471
6,2,7,0.00019127,0.000206877
7,2,7,0.000255569,0.000271137
8,2,7,0.000482722,0.000498312
9,2,7,0.001643187,0.001658893
10,2,7,0.007826322,0.007842311
11,2,7,0.036949003,0.036964968
12,2,7,0.152454491,0.152467879
13,2,7,0.73849526,0.738505934
14,2,7,4.360155498,4.36016354
4,3,7,0.00012475,0.000132804
5,3,7,0.000163406,0.000171517
6,3,7,0.000138743,0.000150041
7,3,7,0.000254218,0.000265309
8,3,7,0.000432934,0.000444057
9,3,7,0.000867877,0.0008784
10,3,7,0.003929304,0.003939744
11,3,7,0.017660291,0.017670737
12,3,7,0.086778813,0.086787099
13,3,7,0.50556004,0.505568286
14,3,7,3.077856823,3.077865018
4,4,7,0.000167994,0.000176098
5,4,7,0.000167857,0.000175897
6,4,7,0.000218075,0.000226344
7,4,7,0.000207769,0.000215943
8,4,7,0.000355246,0.000363644
9,4,7,0.000913027,0.000921481
10,4,7,0.003768914,0.003788125
11,4,7,0.016467104,0.016487002
12,4,7,0.080427159,0.080443832
13,4,7,0.408304281,0.40831701
14,4,7,2.442845629,2.442853804
4,5,7,0.000171251,0.000179369
5,5,7,0.000208449,0.000216592
6,5,7,0.000214411,0.000222889
7,5,7,0.000195365,0.000203998
8,5,7,0.000236051,0.000244225
9,5,7,0.000612702,0.000620806
10,5,7,0.001992246,0.002000376
11,5,7,0.01117069,0.011178757
12,5,7,0.057792838,0.057801001
13,5,7,0.323276763,0.323284916
14,5,7,1.957537781,1.957545921
4,6,7,0.0006319,0.000640401
5,6,7,0.000260416,0.000268524
6,6,7,0.000212325,0.000220485
7,6,7,0.000218829,0.000227032
8,6,7,0.000307647,0.000315687
9,6,7,0.000627531,0.00063576
10,6,7,0.001958414,0.001966569
11,6,7,0.01057845,0.010586708
12,6,7,0.048793658,0.048802142
13,6,7,0.305266138,0.305274285
14,6,7,1.875558906,1.875567087
4,7,7,0.000216711,0.000227907
5,7,7,0.000245206,0.000257008
6,7,7,0.000253459,0.00026637
7,7,7,0.000314446,0.000327397
8,7,7,0.000440042,0.000452986
9,7,7,0.000893063,0.000906223
10,7,7,0.002492322,0.002504849
11,7,7,0.009756597,0.009768995
12,7,7,0.045266318,0.045277503
13,7,7,0.242478449,0.242490254
14,7,7,1.491409296,1.491417366
4,8,7,0.000283646,0.000292332
5,8,7,0.000227605,0.000235743
6,8,7,0.000263999,0.000272091
7,8,7,0.000284977,0.000293075
8,8,7,0.000408971,0.00041711
9,8,7,0.000650952,0.000659141
10,8,7,0.00196026,0.001968438
11,8,7,0.00846693,0.008475212
12,8,7,0.043044885,0.043052964
13,8,7,0.241611407,0.241625259
14,8,7,1.419691117,1.419699126
4,9,7,0.000232071,0.00024066
5,9,7,0.000302093,0.000310251
6,9,7,0.000972249,0.000980376
7,9,7,0.000314611,0.000322833
8,9,7,0.000329211,0.000337462
9,9,7,0.000558002,0.000566159
10,9,7,0.001804157,0.001812337
11,9,7,0.007856285,0.007864369
12,9,7,0.040403514,0.040411824
13,9,7,0.228134948,0.228143109
14,9,7,1.426211923,1.426220137
4,10,7,0.00028311,0.000291251
5,10,7,0.000330423,0.000338584
6,10,7,0.000311513,0.000319627
7,10,7,0.000298474,0.000306579
8,10,7,0.000362145,0.000370329
9,10,7,0.000601724,0.000609863
10,10,7,0.001598708,0.001606794
11,10,7,0.008459304,0.008468787
12,10,7,0.040906502,0.040914762
13,10,7,0.226692416,0.226700584
14,10,7,1.35680697,1.356814984
4,11,7,0.000291526,0.00029959
5,11,7,0.000270846,0.000278938
6,11,7,0.000273815,0.000281991
7,11,7,0.000302616,0.000310882
8,11,7,0.000363298,0.000371427
9,11,7,0.000610871,0.000619055
10,11,7,0.002119207,0.002127755
11,11,7,0.007695912,0.007716092
12,11,7,0.037504285,0.037512514
13,11,7,0.210227754,0.210235997
14,11,7,1.317086699,1.317094796
4,12,7,0.000319402,0.000327463
5,12,7,0.000307966,0.000316121
6,12,7,0.000306653,0.000314789
7,12,7,0.000331855,0.000339933
8,12,7,0.000434577,0.000442847
9,12,7,0.000634622,0.000642749
10,12,7,0.001683174,0.001691423
11,12,7,0.005538544,0.005546652
12,12,7,0.027488044,0.027496177
13,12,7,0.199091845,0.199100002
14,12,7,1.232919471,1.232927605
4,0,8,2.75e-05,3.5798e-05
5,0,8,3.0339e-05,3.838e-05
6,0,8,4.4174e-05,5.2252e-05
7,0,8,0.000101968,0.000110585
8,0,8,0.000360704,0.000368882
9,0,8,0.0015696,0.001577755
10,0,8,0.007491485,0.007499747
11,0,8,0.039027708,0.039035898
12,0,8,0.22063226,0.220640501
13,0,8,1.332096274,1.332104838
14,0,8,8.816814162,8.816833055
4,1,8,5.4246e-05,6.4641e-05
5,1,8,5.9623e-05,7.1264e-05
6,1,8,8.059e-05,9.2341e-05
7,1,8,0.000160494,0.000172171
8,1,8,0.000569921,0.000582318
9,1,8,0.002554769,0.002567769
10,1,8,0.011355961,0.011368612
11,1,8,0.046160175,0.046171882
12,1,8,0.219841901,0.219850291
13,1,8,1.327639914,1.327648069
14,1,8,8.612461737,8.612469857
4,2,8,0.000165551,0.00017411
5,2,8,0.000160528,0.000168734
6,2,8,0.000134318,0.00014258
7,2,8,0.000253813,0.000268784
8,2,8,0.00056169,0.000576616
9,2,8,0.001910219,0.001925374
10,2,8,0.008727724,0.008742607
11,2,8,0.037151251,0.037165604
12,2,8,0.148182787,0.14819605
13,2,8,0.742138729,0.742146888
14,2,8,4.360497486,4.360505669
4,3,8,0.000137191,0.000145261
5,3,8,0.000151606,0.000159714
6,3,8,0.000137075,0.000145172
7,3,8,0.000214288,0.000222476
8,3,8,0.000319655,0.000327707
9,3,8,0.001041888,0.001050121
10,3,8,0.004238986,0.004247307
11,3,8,0.019247751,0.01925682
12,3,8,0.097358813,0.097366978
13,3,8,0.505928013,0.505936156
14,3,8,3.224765268,3.22477336
4,4,8,0.000189832,0.00019818
5,4,8,0.000222394,0.000230607
6,4,8,0.000227774,0.00023591
7,4,8,0.000188816,0.000197041
8,4,8,0.000337166,0.000346296
9,4,8,0.000754367,0.000762524
10,4,8,0.002477292,0.002485601
11,4,8,0.015449856,0.015458111
12,4,8,0.072285926,0.072294045
13,4,8,0.403641757,0.403649956
14,4,8,2.440206119,2.440214341
4,5,8,0.000186172,0.000194302
5,5,8,0.000934076,0.000942198
6,5,8,0.000215145,0.00022325
7,5,8,0.000186561,0.00019474
8,5,8,0.000285637,0.000294932
9,5,8,0.000685997,0.000694151
10,5,8,0.002727084,0.002735433
11,5,8,0.0145457,0.014554038
12,5,8,0.063792203,0.063800495
13,5,8,0.324784725,0.324793331
14,5,8,1.975969495,1.975977652
4,6,8,0.00017722,0.000185386
5,6,8,0.000199939,0.000208047
6,6,8,0.000200045,0.00021124
7,6,8,0.000228457,0.000239545
8,6,8,0.00034344,0.000351612
9,6,8,0.000738639,0.000751775
10,6,8,0.002446751,0.002459199
11,6,8,0.011192428,0.011204843
12,6,8,0.05086925,0.050881085
13,6,8,0.305941819,0.305950102
14,6,8,1.915157408,1.91516554
4,7,8,0.000220035,0.000228147
5,7,8,0.000219252,0.00022739
6,7,8,0.000436198,0.000444371
7,7,8,0.000279778,0.000288001
8,7,8,0.000386435,0.000394688
9,7,8,0.000716934,0.000725208
10,7,8,0.002173774,0.002182153
11,7,8,0.009183213,0.009202251
12,7,8,0.044949908,0.04495823
13,7,8,0.256517484,0.256525733
14,7,8,1.429665837,1.429673945
4,8,8,0.000229989,0.000238053
5,8,8,0.00026922,0.000277297
6,8,8,0.000255775,0.000263931
7,8,8,0.00035823,0.000366784
8,8,8,0.000366079,0.000374221
9,8,8,0.000780573,0.000788737
10,8,8,0.002175551,0.002183736
11,8,8,0.008491751,0.008499845
12,8,8,0.043856221,0.043864376
13,8,8,0.238969909,0.23897803
14,8,8,1.399803073,1.399811279
4,9,8,0.000256079,0.000264434
5,9,8,0.000227356,0.000235581
6,9,8,0.000261664,0.000269921
7,9,8,0.000363031,0.000371187
8,9,8,0.000419058,0.000427264
9,9,8,0.000731302,0.000739916
10,9,8,0.002042822,0.002053647
11,9,8,0.008348133,0.008359458
12,9,8,0.040954383,0.040964742
13,9,8,0.226441061,0.226449188
14,9,8,1.422968561,1.42297673
4,10,8,0.000249517,0.000257648
5,10,8,0.000313568,0.000321736
6,10,8,0.000260562,0.000268624
7,10,8,0.000358791,0.000369295
8,10,8,0.000402423,0.000412812
9,10,8,0.000714899,0.00072538
10,10,8,0.001615246,0.001625711
11,10,8,0.007621227,0.007635375
12,10,8,0.040464301,0.040477955
13,10,8,0.21788289,0.217894068
14,10,8,1.362556231,1.362564425
4,11,8,0.000301059,0.000309122
5,11,8,0.000278587,0.000286715
6,11,8,0.000243664,0.000251802
7,11,8,0.000369226,0.00038048
8,11,8,0.00045315,0.000464991
9,11,8,0.000783784,0.000796195
10,11,8,0.0020566,0.002068918
11,11,8,0.007901308,0.007913188
12,11,8,0.03797902,0.037990292
13,11,8,0.206132734,0.206141041
14,11,8,1.291561058,1.291569245
4,12,8,0.000353845,0.0003621
5,12,8,0.000277137,0.000285193
6,12,8,0.000347692,0.000355835
7,12,8,0.000349983,0.000358306
8,12,8,0.000396231,0.000405216
9,12,8,0.000601873,0.000610442
10,12,8,0.001478878,0.001487116
11,12,8,0.00642342,0.006431669
12,12,8,0.028111962,0.02812015
13,12,8,0.199695413,0.199703989
14,12,8,1.230579836,1.230588152
4,0,9,2.7203e-05,3.5338e-05
5,0,9,3.1052e-05,3.9157e-05
6,0,9,4.3921e-05,5.2059e-05
7,0,9,0.000100105,0.00010822
8,0,9,0.000353413,0.000361566
9,0,9,0.001569433,0.001577438
10,0,9,0.007611059,0.007619109
11,0,9,0.039241728,0.039249828
12,0,9,0.220849788,0.220857938
13,0,9,1.331989367,1.331997442
14,0,9,8.633649031,8.633657137
4,1,9,3.9489e-05,4.7667e-05
5,1,9,4.0725e-05,4.8862e-05
6,1,9,5.6528e-05,6.4575e-05
7,1,9,0.000265388,0.000284778
8,1,9,0.000782588,0.000799793
9,1,9,0.003153151,0.003168961
10,1,9,0.013745905,0.013760874
11,1,9,0.058230268,0.058245309
12,1,9,0.286770002,0.286780674
13,1,9,1.371670798,1.371681432
14,1,9,8.668275673,8.668283875
4,2,9,0.000216897,0.000237716
5,2,9,0.000215301,0.000234192
6,2,9,0.000209912,0.000227603
7,2,9,0.000218703,0.000235466
8,2,9,0.000533342,0.000549965
9,2,9,0.001543575,0.001560358
10,2,9,0.006645812,0.006660812
11,2,9,0.030022883,0.030037055
12,2,9,0.130036667,0.130048568
13,2,9,0.726102475,0.726112965
14,2,9,4.360077007,4.360085143
4,3,9,0.00012125,0.000129541
5,3,9,0.00011974,0.000127951
6,3,9,0.000161081,0.000169165
7,3,9,0.000156115,0.000165171
8,3,9,0.000238844,0.00024703
9,3,9,0.000819869,0.000827933
10,3,9,0.003129731,0.003137973
11,3,9,0.014678269,0.014686552
12,3,9,0.076354387,0.076362502
13,3,9,0.505362655,0.505370812
14,3,9,3.087380464,3.087388577
4,4,9,0.000204502,0.000212541
5,4,9,0.000203301,0.000211406
6,4,9,0.000227113,0.000235369
7,4,9,0.000166539,0.000174727
8,4,9,0.00034103,0.000349297
9,4,9,0.000688577,0.000696995
10,4,9,0.002881708,0.002890052
11,4,9,0.01446428,0.014472772
12,4,9,0.073145436,0.073153725
13,4,9,0.406927073,0.406935692
14,4,9,2.437094071,2.437102273
4,5,9,0.000189064,0.000197136
5,5,9,0.000232033,0.000240597
6,5,9,0.000207026,0.000215241
7,5,9,0.000284462,0.000296138
8,5,9,0.000298583,0.000310344
9,5,9,0.000687468,0.000699282
10,5,9,0.002548362,0.002566433
11,5,9,0.01168338,0.011700097
12,5,9,0.067369115,0.067385135
13,5,9,0.325499852,0.325511262
14,5,9,1.962374755,1.962382976
4,6,9,0.000263978,0.000276112
5,6,9,0.000229946,0.000238749
6,6,9,0.000250224,0.000258483
7,6,9,0.000284189,0.000292432
8,6,9,0.000273819,0.000282021
9,6,9,0.000606736,0.000615529
10,6,9,0.001996914,0.002005052
11,6,9,0.01095941,0.010967705
12,6,9,0.052723192,0.052731562
13,6,9,0.306124311,0.306132794
14,6,9,1.886506609,1.8865148
4,7,9,0.00020589,0.000213973
5,7,9,0.000291233,0.000309158
6,7,9,0.000241068,0.00024965
7,7,9,0.00030178,0.000310059
8,7,9,0.000354957,0.000363127
9,7,9,0.000627216,0.000635467
10,7,9,0.002105162,0.002113371
11,7,9,0.008699322,0.00870758
12,7,9,0.043611042,0.043619141
13,7,9,0.243545696,0.243553704
14,7,9,1.426914425,1.426922729
4,8,9,0.000271787,0.000279906
5,8,9,0.000228597,0.000236682
6,8,9,0.000275461,0.000283585
7,8,9,0.000257592,0.000265628
8,8,9,0.000313959,0.000322085
9,8,9,0.000593323,0.000601443
10,8,9,0.001861457,0.001870256
11,8,9,0.00842563,0.008433773
12,8,9,0.042560453,0.042568639
13,8,9,0.236761797,0.236769987
14,8,9,1.416770978,1.416779217
4,9,9,0.000231265,0.000239337
5,9,9,0.000290811,0.000298957
6,9,9,0.000301651,0.000309833
7,9,9,0.000315326,0.000323421
8,9,9,0.000526181,0.000534301
9,9,9,0.000743078,0.000751246
10,9,9,0.002309523,0.002320326
11,9,9,0.009363372,0.009374057
12,9,9,0.043181405,0.043190061
13,9,9,0.232827216,0.232835415
14,9,9,1.406169604,1.406177881
4,10,9,0.000269876,0.000277998
5,10,9,0.000303473,0.000311672
6,10,9,0.000287804,0.000296099
7,10,9,0.000382723,0.00039094
8,10,9,0.000383569,0.00039173
9,10,9,0.000614582,0.000622908
10,10,9,0.001730715,0.001741241
11,10,9,0.007698556,0.00770908
12,10,9,0.040060457,0.040069519
13,10,9,0.218491955,0.218500089
14,10,9,1.351685239,1.351693289
4,11,9,0.000262163,0.000270248
5,11,9,0.000304672,0.000312907
6,11,9,0.000298354,0.000306566
7,11,9,0.000318615,0.000326756
8,11,9,0.00038395,0.000392097
9,11,9,0.000777199,0.00078561
10,11,9,0.002300012,0.002308522
11,11,9,0.008641709,0.008649819
12,11,9,0.039903077,0.039922762
13,11,9,0.211051964,0.211060109
14,11,9,1.284153344,1.284161496
4,12,9,0.000298277,0.000306497
5,12,9,0.000342972,0.000350988
6,12,9,0.00030251,0.000310621
7,12,9,0.000360344,0.000368595
8,12,9,0.00039906,0.000407342
9,12,9,0.000720791,0.000730002
10,12,9,0.002042718,0.00205116
11,12,9,0.008218622,0.008227109
12,12,9,0.034530479,0.034538907
13,12,9,0.201993615,0.20200452
14,12,9,1.23679873,1.236818053
